CGPA,Programming_Skill,Technical_Skill,Communication_Skill,Aptitude_Score,Study_Hours_Per_Week,Projects,Internships,Backlogs,Attendance_Percent,Skill_Score,Placement_Status
6.872700594236813,7,6,7,51,39.34049838579857,0,2,0,56.113642636067475,61.21166665292316,0
9.75357153204958,3,8,2,55,40.93092474957494,2,0,1,59.13942666824498,47.856962523696225,0
8.659969709057025,7,7,9,90,8.870245934831612,1,0,0,97.54208330858674,66.52320377215094,0
7.993292420985183,8,8,4,79,39.70687966416269,3,3,0,92.12237454038541,76.30810901998909,1
5.780093202212183,10,9,9,77,57.42804483296781,1,3,0,69.39494507282032,76.03150911375303,1
5.779972601681013,6,6,2,81,34.7542429540446,3,3,0,81.92282243585147,62.90114350016274,0
5.290418060840997,10,3,10,76,44.339689538008436,6,1,2,97.14850947154778,60.566591152904614,0
9.330880728874675,9,10,4,68,35.62027692675698,7,1,0,60.59294514320421,79.99095654201007,1
8.005575058716044,6,3,5,57,52.01073402255883,4,3,1,52.95052351115003,58.79860662419958,0
8.540362888980226,9,1,2,49,56.12707020286629,1,1,0,76.87340322526526,52.4467325676039,0
5.102922471479012,4,5,10,81,15.132094461299761,4,2,0,57.129843933179664,65.96035488380738,0
9.849549260809972,8,4,1,78,29.02730201064196,5,3,0,59.365954635568755,73.12357500357723,0
9.162213204002109,4,9,7,57,26.58101555129967,5,3,2,94.57695948657897,68.68765724456122,0
6.061695553391381,2,9,10,40,27.286831781460325,7,1,0,50.370172932244564,63.30726289831051,0
5.909124836035503,10,5,1,78,11.903829967533174,6,0,1,90.84100132319342,55.43189446129545,0
5.917022549267169,9,10,8,60,49.74886492893956,2,3,0,75.84753881678037,75.92254951512986,1
6.521211214797688,5,4,3,40,6.967143365821439,4,1,4,77.96471938226502,32.04279831443013,0
7.623782158161189,4,7,10,54,34.05246342499363,3,1,1,83.58839802281813,60.34419391311925,0
7.159725093210579,2,6,6,43,41.40331134245802,2,0,1,71.57224961540052,41.26111859704335,0
6.456145700990209,1,4,7,99,16.410819093238246,1,3,2,55.78059440962074,44.3171801289068,0
8.059264473611897,7,10,10,100,54.821760565433756,1,0,0,55.14101119024119,69.86903105972195,0
5.697469303260209,6,2,1,59,51.12020638636362,3,2,1,87.71810995919714,48.085099057347655,0
6.4607232426760905,2,1,6,49,30.90960512161589,0,0,0,61.05175716336424,33.02529930896883,0
6.831809216468459,8,4,7,62,27.613191278707628,7,0,0,51.40508418088221,60.456708044190556,0
7.28034992108518,4,4,6,80,18.0112358866105,0,1,0,98.98069445494706,53.1681416472818,0
8.925879806965067,8,1,4,73,45.149627355473,7,0,0,99.01957596803467,60.634461486665124,0
5.998368910791799,7,6,1,99,12.245908979758028,1,2,0,68.907066867189,60.886411752571625,0
7.571172192068058,5,4,9,85,42.41307646140807,7,1,0,51.27619222785566,67.0591094689778,0
7.962072844310212,10,1,4,87,51.335134236512744,6,2,0,86.36323292963749,73.09716561589715,0
5.232252063599988,10,1,7,72,17.565936675436305,6,0,0,91.55060302428346,58.675825556225426,0
8.037724259507192,8,1,7,73,52.65350715943159,3,2,0,56.25068450579049,65.98735025716202,0
5.8526206184364575,9,8,2,78,6.832775969172965,0,2,3,56.772930745461814,47.20409239383791,0
5.325257964926397,5,10,1,100,55.20330619625889,4,0,2,91.11119998483953,49.16429045167871,0
9.744427686266667,10,8,8,49,11.509922531821392,1,0,3,96.09536943576174,53.888025099285706,0
9.828160165372797,5,2,8,93,40.5167547865918,5,1,0,89.53774183370749,70.45600781308524,0
9.041986740582306,2,7,7,59,18.7545357902668,4,1,0,60.03724745847648,63.66930089904046,0
6.523068845866853,5,8,8,40,51.010381514328756,3,3,3,70.57606097171104,51.657832358230806,0
5.48836057003192,3,8,3,52,33.17651985035066,5,1,2,80.04212129329571,47.03034442603013,0
8.421165132560784,7,10,2,40,12.438265518557575,4,0,1,58.01467369104144,57.097962052288054,0
7.200762468698007,10,7,7,44,36.404536422928814,0,2,0,60.53012463162541,67.71371701997609,0
5.610191174223894,5,5,8,55,27.43354356083407,7,2,0,64.14430360342774,66.23957634591491,0
7.475884550556351,8,1,1,54,41.379629913720564,6,1,1,75.47566351454182,51.18479187035767,0
5.171942605576092,1,9,10,88,53.50468066199027,0,1,0,75.54024435887737,55.706207820101106,0
9.546602010393912,3,7,9,67,27.516402215088014,5,0,0,90.71472596737763,67.71467402016496,0
6.293899908000085,3,2,4,70,20.943437374362283,7,2,1,87.65051003438128,53.12665822917815,0
8.31261142176991,9,6,4,62,5.7983301990184835,7,3,1,95.6867837554971,72.74690740138388,0
6.558555380447055,5,2,3,87,36.61614708229312,7,3,0,91.64508614122983,63.051963229426946,0
7.600340105889054,9,1,6,84,27.125112208728844,2,1,0,62.693877415282735,59.72144640267605,0
7.733551396716399,9,7,1,82,25.60570704581558,6,3,4,66.5648384652,54.73194180704505,0
5.924272277627635,1,2,6,56,15.061442670631688,1,0,0,75.02116218162669,35.473265962459585,0
9.847923138822793,2,2,2,88,28.653043985520085,5,3,1,50.713556728182226,56.8752885411102,0
8.875664116805574,5,5,9,73,59.144307447085254,3,1,1,95.19510031418608,62.95903499928468,0
9.697494707820946,4,5,2,52,21.376478451973437,1,0,1,52.21721062811696,41.795631523208144,0
9.474136752138243,10,7,7,53,37.98374273744551,4,2,1,66.12206354083182,76.89934387507165,1
7.989499894055426,9,1,1,50,47.70677847236168,6,0,0,78.45873955982033,53.580986069580916,0
9.609371175115584,7,8,7,67,46.20368027470924,3,1,0,75.8920694303433,73.90878507552456,0
5.442462510259597,6,3,5,81,23.08258581209249,3,1,0,82.72299464129374,55.39060500271987,0
5.979914312095726,7,4,8,71,38.59730459342677,0,3,0,76.37600876471045,60.39855690781787,0
5.22613644455269,1,9,4,74,52.91955768985865,4,3,0,61.45007128515172,60.97344889827681,0
6.626651653816322,1,4,10,100,5.849608525319287,0,2,0,60.053909389693594,56.5852618706498,0
6.94338644844741,8,10,7,98,28.96538962638192,0,2,2,95.36235345377493,65.74199007324586,0
6.356745158869479,2,5,6,70,17.33503800330479,7,1,0,63.19833683677963,57.235165431134675,0
9.143687545759647,10,7,5,56,26.374775971936142,6,1,0,64.04886169397567,76.41033492233481,1
6.7837666334679465,9,4,4,86,27.87942843863829,2,1,0,70.64764480501722,61.26306895493343,0
6.404672548436904,7,1,7,48,46.06690306326503,0,2,0,56.9719163574987,52.060990436577626,0
7.713480415791242,6,9,5,49,10.160202981749373,1,1,0,75.36364222116202,61.67909783435851,0
5.704621124873813,1,4,5,47,33.19211467228807,3,2,0,83.25158808510656,51.33875963579258,0
9.010984903770199,1,9,1,60,36.03071354893099,6,1,0,89.30002460386834,62.61786425024612,0
5.372753218398854,2,6,2,52,32.178668195349246,0,0,1,85.57271209321146,30.762254780482408,0
9.934434683002586,6,1,5,98,45.25302891844961,5,0,3,57.38179820401319,45.30311502758508,0
8.861223846483288,6,3,3,89,26.108519074876604,1,1,3,72.80335724854619,40.80275321620409,0
5.993578407670862,2,2,2,44,56.97318850020419,4,0,0,51.92931004040892,36.824865597223344,0
5.027610585618012,1,9,4,45,31.499189339641774,3,2,0,50.88989983604746,54.84180648740884,0
9.07730714227417,10,1,4,69,36.41676502881387,6,3,0,72.00652091369003,72.79467403182403,0
8.534286719238086,5,9,4,70,50.40419528407122,5,0,0,62.64802472288145,65.47471018381079,0
8.645035840204937,5,9,4,56,20.137985826211736,6,3,0,84.16803974366815,75.89313017641398,1
8.85635173342973,2,8,3,50,9.136111581954136,6,0,0,86.21203934067063,57.9192688777821,0
5.3702232586704515,6,8,7,59,43.92811880993654,5,2,1,94.77018622791277,67.76732192498582,0
6.792328642721364,9,1,9,87,31.565652055160825,4,0,0,88.03412567695193,61.77511954662139,0
5.579345297625649,2,8,5,48,54.307733802744714,5,0,0,52.41220615682708,51.13610621378174,0
9.315517129377968,10,10,4,41,59.04740267973388,1,1,0,68.58115051788839,70.69483345752668,0
8.11649063413779,2,3,2,76,26.951014281610107,7,3,0,63.6511675876061,59.49004173437461,0
6.654490124263246,3,7,2,40,27.849145894281346,6,3,1,69.30662249135807,55.55190670852041,0
5.317791751430118,7,1,5,43,27.437943121314955,4,2,0,58.00378294843508,55.61660278977052,0
6.554911608578311,6,1,7,75,22.850476035200938,6,2,0,54.885205184529674,64.05692997514012,0
6.625916610133736,8,10,10,93,47.99279037715186,5,3,0,76.04922712542003,87.74136271214576,1
8.64803089169032,8,5,10,97,46.74476693699002,4,1,0,86.01906554331973,77.68106848478592,1
8.187787356776067,6,5,9,64,31.325467880278868,4,1,0,85.09554509659714,68.97931786145473,0
9.436063712881634,10,8,7,42,7.456366900839431,0,3,3,72.54721610881136,58.63104024337247,0
7.361074625809747,3,7,5,48,22.025761583219037,0,0,4,76.1139493144473,24.55562812351775,0
5.597971229691509,3,8,10,61,21.076667560516064,7,3,1,75.81643612543206,65.88080449016276,0
8.566223936114975,1,6,10,62,49.609798541014214,0,0,0,84.57851888840281,50.59091980700009,0
8.803925243084487,7,6,10,51,9.81665653788961,5,3,0,52.3962587978012,78.76596150111477,1
7.806385987847481,5,2,6,49,49.31214584734873,3,0,0,85.4948054435612,49.7763286819716,0
8.854835899772805,4,6,3,73,41.80510087095286,1,1,2,79.11004503786438,46.27913058046194,0
7.468977981821954,10,5,5,82,45.28428025217471,5,3,1,59.90543573357871,72.2455028950767,0
7.61366414690997,4,3,8,49,28.77172531717629,6,2,2,52.452942687313225,53.94734255598485,0
7.137705091792748,4,6,1,69,42.3849187800967,0,0,0,55.42638952789442,42.049189115768655,0
5.127095633720476,6,8,1,61,38.49659195888037,4,1,0,76.23456707096348,58.0693890747254,0
5.539457134966522,8,9,7,45,47.29391073757462,5,2,0,87.92042650456415,76.28940588964342,1
5.157145928433671,8,1,5,89,29.572340895753868,4,1,0,66.73286435622506,56.89572113124062,0
8.182052056318902,5,3,5,41,31.005409369296633,7,0,0,68.95619553526109,53.591488304632485,0
6.571779905381634,6,3,1,69,40.39669225069011,6,3,0,96.70732075230562,62.50413247197743,0
7.542853455823514,4,8,9,41,10.944262151651357,4,1,1,60.6506542016288,60.229725917608924,0
9.537832369630465,9,1,1,71,28.99344466003745,4,3,0,55.18747122876758,66.24740873757821,0
6.246461145744375,8,5,5,81,58.457296489289305,7,3,0,67.1705056900009,72.05415534314609,0
7.051914615178148,10,3,10,55,7.065377603302508,2,1,0,87.29610597461368,65.75645739903892,0
8.777755692715242,10,2,9,51,22.380259757651658,3,1,0,81.3038645528066,68.12705748744297,0
6.143990827458112,1,8,4,40,22.27604004991539,1,1,1,70.78977196847846,41.3973371087791,0
5.384899549143965,2,3,8,92,39.84052655796749,1,3,0,98.23762664159153,55.138610979334224,0
6.44875726456884,9,7,6,47,10.819019768327696,0,2,0,86.74982191472867,65.19474276302539,0
5.8061064362700225,8,1,3,87,39.56992169833736,2,0,2,53.09307121916469,35.22828045631398,0
9.648488261712865,3,6,4,89,10.227213235839068,5,2,0,87.23157219270242,73.74584750848508,0
9.040601897822086,8,3,2,52,10.222450608008206,7,3,0,51.20192779529292,67.7276844056935,0
8.167018782552118,1,8,1,54,45.050084645366525,5,1,1,82.51616615587028,53.010364076734476,0
9.357302950938589,10,6,8,92,22.8274345608038,1,1,1,60.52414181463294,68.3587505185356,0
9.018360384495573,4,2,1,83,58.75826212425613,3,0,0,84.82211045187788,49.0292908332474,0
5.932850294430179,3,6,1,47,7.054411503955521,4,0,0,65.4889783323898,44.568578426820885,0
9.46279499244989,6,7,4,49,29.480866504489676,6,2,0,93.65031539777824,75.79800605767231,1
7.696711209578254,7,5,10,85,11.222476572071301,0,2,1,66.84569182957303,63.40600737961595,0
9.037200775820313,4,3,10,44,24.325843171695976,3,0,0,80.98479277021485,55.81435914752776,0
9.480456499617466,7,4,6,89,59.90223478349778,1,3,1,64.29637798269941,63.763928314073596,0
6.590017374859319,9,4,9,58,53.88633814561925,2,2,2,95.86107725710892,59.23483011849904,0
5.550259622638384,2,6,1,86,7.65784248704683,0,1,2,89.04979905140863,33.84527283983916,0
6.139675812709708,3,10,7,77,35.97907141041259,7,1,0,62.16514381723016,67.98695664871676,0
7.135538943131282,5,1,10,98,40.63022676534396,1,3,0,97.43983562793298,63.09796807122022,0
9.090073829612464,3,4,5,50,16.524404317256913,5,0,0,67.85787947881141,54.81372803491106,0
9.303652916281717,8,10,8,92,12.980806536804764,0,2,1,82.59324738335937,75.72312442287517,1
5.034760652655954,10,4,7,82,54.740962406603785,7,1,0,87.14266155571983,69.08068882431357,0
7.553736512887829,8,10,4,59,58.28490428158572,1,0,0,51.145108073245616,59.54181939940836,0
7.0870550157438945,8,1,4,59,59.5541071525803,5,2,0,97.94836730786231,65.75950357566411,0
6.110539052353651,9,9,6,60,48.4368975554049,6,3,0,67.22206530436824,78.50755933676392,1
5.599326836668414,4,4,6,57,41.49261381728914,5,1,0,59.488944671561214,55.65589569148936,0
6.68807585701814,5,7,9,96,24.015163870614884,4,3,0,92.53538958642491,76.4241275719553,1
9.714548519562596,5,3,5,89,14.426907177861384,7,3,0,85.14496414117072,73.2487844696671,0
6.616014660103776,8,10,8,49,9.343932965142743,7,3,0,54.33716363116763,79.84093421238518,1
7.59395310871683,7,3,5,73,43.13136077033206,2,2,0,55.852229068838476,62.40054491671114,0
8.515094794475889,9,8,2,65,48.15978783486471,7,3,1,85.75959353268246,74.019125542722,0
6.81814801189647,8,8,6,69,50.454950885023905,4,2,1,53.7391627979542,69.70868859335859,0
9.858910413604804,2,1,9,48,55.25707518170893,1,2,0,95.85877175620325,57.6955362263366,0
9.812236474710556,10,10,3,85,53.39612600011055,6,3,0,87.07700684738165,89.97718241241074,1
6.258911479126821,4,2,1,90,59.985769974195094,3,3,1,66.77461029834944,48.27005628754855,0
7.4862425294619275,6,8,1,70,18.42352060319882,6,0,0,68.14693896126691,60.399823165249686,0
6.504391549083849,2,1,3,81,46.98191883667158,6,1,0,75.32480481020507,49.868445619661,0
6.424202471887338,7,8,10,94,37.25527318061387,7,0,0,68.04847068242701,71.73771418725897,0
5.184434736772664,3,8,5,43,19.36848228494703,6,1,0,89.1734275719158,58.55530616014855,0
8.047821669899484,3,2,3,100,59.004792725781854,7,1,0,98.73684720508078,59.50787968426633,0
7.5133951161443076,2,4,9,100,54.384395762583864,4,0,2,79.22607577190965,47.355888443035894,0
5.257393756249947,8,6,8,45,12.068361764426404,3,0,1,72.30186638337645,51.18934824386181,0
6.393232321183057,6,9,3,53,6.4387088277880915,5,1,0,61.13870701341086,64.88778946635438,0
9.541329429833269,1,8,9,43,42.85819192829723,7,1,0,82.67167096239001,68.43814990293268,0
6.197809453334862,1,8,6,65,38.227184587109434,1,1,0,84.27884309076985,52.220590590745495,0
5.7244743604561155,7,7,7,86,56.469859326113024,2,2,0,84.2595303507182,69.74939498784015,0
7.447263801387815,8,9,4,87,17.87029079382034,3,1,0,51.349251793424614,70.17051599204933,0
9.928252270553003,5,2,4,78,9.641337134224287,1,3,0,94.95610503302355,62.004536623954934,0
6.210276357557502,5,3,2,56,19.256843357459253,7,3,2,66.90532817145883,47.753493814408365,0
8.360677737029393,4,10,5,58,6.04102022813049,3,3,0,87.20828812408045,72.50712618975032,0
8.808098076643589,6,8,8,100,6.974101315391284,7,0,1,87.99034535501599,69.49022465372418,0
6.188187719961999,6,6,7,90,55.31717932564178,4,0,0,82.52774894061199,61.581855670478525,0
8.641081743059297,3,10,7,88,24.360912037603306,1,0,0,69.74332615721461,61.125610309451915,0
6.838915663596266,9,9,6,45,27.594495055532438,4,1,0,80.41921084082628,71.78820196761457,0
8.161529152967898,7,10,3,68,6.010440999595742,0,3,0,52.009934562893825,67.60374214113736,0
8.167648553804474,1,4,5,50,19.87869790945156,1,1,1,88.09478960939532,42.35793325060918,0
7.678873420373792,7,8,1,55,49.2599291057787,3,2,0,54.97943241641695,66.42812469638781,0
5.451448850272041,5,10,7,69,38.852002781669555,0,2,0,69.83754628998008,63.99450001583483,0
9.17651247794619,5,3,9,64,46.45793305975284,4,0,0,55.18093938324833,59.48639150005768,0
6.603900324858679,2,3,1,79,29.59675574365818,4,2,0,91.85372229095472,54.94788080448958,0
5.932592551999271,4,8,2,50,22.03510719632315,3,3,0,77.51511967179796,59.72730640798783,0
5.20387570777382,6,5,3,46,31.55455513306037,0,2,0,84.54775600846362,51.30014654312718,0
7.954464715941209,10,3,3,65,22.768908762316315,6,0,3,84.12910849213065,46.43724721735679,0
8.387821809211413,7,10,8,95,51.14341031707374,5,1,1,92.08031158292522,78.29437810270431,1
5.082939144639281,5,1,7,61,21.372054357606515,2,2,0,56.62847016725674,51.68137031330674,0
7.560465291496405,9,3,6,64,41.28700022491961,3,3,0,82.9864070202442,69.1265799305316,0
6.1324788759896895,3,9,10,58,12.534022227024032,4,3,0,78.75670272018287,71.58188725051423,0
8.225863952047249,1,5,10,70,42.777657155420044,1,3,0,51.54485612856577,60.03049548476083,0
5.871832145024957,4,10,4,65,55.23148413800185,0,1,1,60.07114544114013,48.68128585484939,0
8.45468869051233,9,2,9,81,38.472073505194956,7,3,1,63.37857706891104,72.29295393102127,0
6.933676731502687,4,7,1,80,35.792045901896245,5,0,0,53.62781877145831,54.78815200166136,0
9.683649943683672,2,2,2,75,57.86150474119022,2,0,0,67.73599029494008,44.47799937064669,0
5.687604720729967,10,4,4,62,39.506810542371554,1,3,3,51.36012543577378,44.361279698156444,0
6.705331755251293,5,7,3,86,19.275273830019543,0,2,4,77.65917461288647,38.83539183278623,0
5.567367606202946,3,4,1,52,21.081506311625724,5,3,0,60.575048028989364,53.54051327774248,0
9.623468091392814,9,7,5,64,43.791865339476,3,0,0,64.35015527545993,67.2257304700617,0
9.386696766904905,4,7,7,41,45.449012664070246,7,0,0,95.5235813085642,64.36797115709265,0
6.289708138575778,6,1,2,41,21.692292748395836,5,0,2,75.14084245617627,34.66995621048461,0
8.299920230170894,2,6,5,55,23.99391878594816,3,2,0,63.45069656222079,61.33934240889772,0
9.08611100100608,6,9,6,48,59.50810798064978,7,2,1,79.9230879124033,74.1772383132972,0
7.776004057997312,3,2,7,67,10.60739022691526,7,2,0,60.08357174337478,62.90124916122459,0
7.648252891780032,9,3,1,52,27.255476564205463,6,0,0,53.71978428820924,54.92894210312688,0
6.209261454502259,2,10,7,74,8.43461421586291,0,1,0,51.045317720013436,55.127146100005454,0
5.465513839029496,9,5,4,80,50.15930990990326,7,3,2,97.57645226881282,61.90510556999962,0
9.486078789766633,5,9,8,52,10.079021141998773,5,3,0,86.23054120715582,81.56177330514849,1
9.502090285816653,8,4,4,70,42.07040460544911,7,0,1,89.99740741461912,60.5305799393308,0
8.16550728636634,2,1,6,60,8.106588320191513,2,2,0,99.0458864089416,54.50874620334712,0
6.6951489552435035,6,4,9,71,42.00702707953301,5,1,2,96.58143517067197,57.17828386212695,0
6.746047873063304,3,6,5,93,51.36703208102368,0,1,1,86.84565993187579,48.03618815023199,0
8.629778394351197,10,5,4,73,26.935183980823155,1,2,0,84.69935349096596,70.83634154026389,0
9.485551299762886,5,1,8,47,33.71695713876973,1,3,2,66.84249984676883,48.43497641248866,0
9.435432121325587,8,4,9,98,27.084795590290536,5,3,0,55.200862589755104,82.5588498654094,1
8.899377729288119,10,6,4,80,21.52688172479514,5,1,0,78.6861274183788,76.56111771525809,1
8.21015823077144,1,10,3,87,49.17948703449205,3,1,0,78.81266475442962,62.695736525541435,0
5.4206998249752445,5,10,8,41,19.96014155520443,0,2,2,97.61186427078721,52.97051880367353,0
5.808143570473069,3,4,5,77,44.761888341419585,3,3,2,72.12854033308547,46.760751744842544,0
9.492770942635396,4,9,2,71,16.340839359036124,2,1,0,84.54038121530343,64.0132220484589,0
8.03214529829795,2,5,10,93,18.741958784308125,6,3,1,78.74853136983609,68.21233385798705,0
5.045985258083149,9,8,9,79,23.505363941746673,1,1,0,58.83801145505247,65.71986430412518,0
5.50735771433016,3,9,3,97,37.40360075665835,7,2,1,79.60321538774583,63.88934336636593,0
8.317508845540278,2,10,2,67,29.993227553774762,7,3,0,77.005835468141,70.72137838367117,0
5.025307919231094,10,5,1,76,45.98296454053012,4,1,0,74.69529969546778,60.93197981393219,0
5.804040257087493,9,6,8,80,16.74620151849058,4,1,0,75.67114668242374,70.41225036662755,0
7.743668946832931,7,1,3,40,5.586975831685876,0,1,0,58.19939859794353,44.62874507743478,0
8.459475988463467,6,7,7,80,47.710660948187105,7,1,0,73.1738865615334,73.76594347895116,0
8.259806297513002,1,4,1,49,50.19071336340399,0,2,0,80.28266359107984,46.246048183768416,0
6.1213465473027995,5,2,1,94,8.271408970961424,4,3,0,74.47245993427697,57.754016938231004,0
8.56089610673768,3,5,9,43,38.59991371871181,0,3,3,74.43430975630736,43.308955475042865,0
6.186245437484001,1,3,8,74,25.801373113019288,1,0,0,53.87588548964929,40.49082647310575,0
6.626998490796339,4,6,3,49,48.66426103569842,2,3,3,59.538707600835984,40.137823538562614,0
8.73245702559012,2,8,6,86,53.09280048080632,2,0,0,66.04863463877504,57.228785034862106,0
8.248164495236074,2,7,3,50,51.8052071738487,7,1,0,70.96734969629533,59.52073313188097,0
9.24611705247089,3,3,4,53,47.74623360429687,3,2,0,79.69687219293021,59.76534496272452,0
8.288064461501717,8,8,1,77,19.79787258081896,1,2,1,93.16725522615303,64.14157019401168,0
7.841543016677358,8,2,5,51,49.65393039625742,6,1,1,57.958236904432695,56.50631355639616,0
5.468373839140463,7,10,1,84,34.3413161748461,0,0,0,50.75440151053475,50.920492372429116,0
6.838579015297167,6,9,1,56,7.901613815764995,0,1,0,72.46185653879579,54.10552721845697,0
6.326011838408627,9,4,10,55,30.131636744403693,7,2,0,71.6051448705814,74.98134833720665,0
6.219948216895418,4,1,7,74,56.81868543664963,6,2,0,77.59506092475863,61.283841557925015,0
9.865052773762228,1,8,6,41,53.8322642354554,3,3,1,91.66108856857502,62.01385260626654,0
6.965488623333802,8,7,2,50,10.624535454841382,3,0,0,90.1180275491239,56.775661709603995,0
9.460232775885567,7,5,2,100,45.92696771429036,0,3,0,55.002164221500564,64.9163934345749,0
8.155693129986314,7,10,7,80,49.31860762770291,0,2,1,96.69976833383369,70.15407860701508,0
8.974056517708242,3,5,1,42,19.926350353022066,6,2,4,55.52071973372223,39.920156865371155,0
7.513185465525961,4,7,2,68,30.93847139076008,7,3,0,81.7285254267118,67.8029444235658,0
7.884519423131795,10,5,8,57,44.104336780502564,1,3,0,83.62031467977879,71.73689955816056,0
7.462588469094319,9,8,6,59,29.147281885163135,6,2,0,83.99387436115441,80.55249542762773,1
5.976214938990222,6,6,2,86,11.203830537661732,3,3,0,63.26755858376954,62.85874506017781,0
8.612260576307527,5,5,7,53,43.82353445749469,6,3,0,66.5172545882496,71.42145671792372,0
6.403861812204279,3,9,4,73,55.14012793544169,6,0,2,77.43384375746984,48.39938506556006,0
5.121579832157269,9,2,2,88,40.88666006233866,6,2,1,59.97937479000492,58.46539831980504,0
8.227361479535839,5,1,6,93,47.55904117129687,1,1,0,51.015523391667564,52.953156977531634,0
5.8855533970352445,5,8,9,70,24.709939461180568,5,0,0,78.10722272542878,64.39628203193887,0
9.70229292176457,4,3,9,97,15.075903481964916,0,1,0,73.26392860060037,60.281876077430695,0
9.769642885012937,4,7,8,79,40.35255138900609,4,3,0,82.8365603111731,77.9801197742995,1
9.574321951102242,1,10,3,81,23.02741632126704,7,3,0,57.335028791682994,73.27936351767225,0
6.850793501277222,7,8,3,97,52.304043544438606,6,1,0,92.04624472949257,72.10936762003061,0
5.077283082644337,9,6,2,57,11.744542748790362,7,3,0,57.31107442302636,66.54749461730525,0
9.641592812938626,3,10,5,69,28.840503485321804,4,3,0,94.56718024400118,77.27531014534455,1
7.140920741586571,2,9,4,64,26.82001802576122,5,0,0,72.47605862978514,57.6901520154341,0
9.833274095218348,3,7,7,100,56.59296194546613,0,1,0,77.49026296863474,63.72743298828256,0
9.818099885446264,1,10,4,58,13.422414033242212,3,0,0,94.82906679819943,59.66068748505526,0
9.265047277336802,6,5,9,47,5.541575375660602,4,1,0,64.99565242385336,68.39987071143818,0
6.4722444603479286,7,8,2,67,18.094686704391467,7,0,0,59.09134981205757,60.10426990663025,0
6.9254886430096265,2,2,6,47,50.115227287276,7,2,0,72.28758104097268,57.01616456638724,0
9.255683357584285,8,7,7,70,16.512699882585938,7,2,0,62.218361426385336,82.23398398577667,1
6.584610025781388,6,4,4,42,18.24829350380155,3,1,3,76.39219557701585,38.09350508464586,0
5.847463733430462,4,9,6,42,12.144434249524593,4,2,0,63.76289322221582,65.87691802944391,0
7.784006312291751,5,1,7,83,44.34899118020972,7,0,0,93.22447677977286,57.399196277444354,0
9.680773870803904,8,7,4,61,8.804580477797945,3,1,0,80.3662296128863,70.50511497079171,0
8.480148983374864,3,6,8,56,23.216456628068688,6,2,0,50.01203348714511,70.06410488537578,0
7.850305850446825,3,8,9,75,20.53742996415305,7,2,2,90.27368673399124,66.54136425009813,0
5.485882468853843,4,5,1,56,35.53378513845851,4,1,1,66.51061683630729,44.628732399497956,0
8.07503613349585,1,1,7,53,45.172894576085454,3,2,0,66.01039920774785,53.42167602882009,0
9.950269250521316,9,1,9,90,34.308203908321104,5,2,0,69.15314060672337,80.37704792776715,1
5.7004200761826205,8,9,10,48,56.20642961362872,1,1,0,81.51312640420403,66.080522602711,0
7.591648261818683,8,10,5,69,57.329345138803255,3,2,0,72.10303551971114,77.5667876838136,1
9.386865359639778,10,6,2,60,24.88059306741835,1,2,0,81.43177732848513,70.36349430074085,0
8.703843088771022,6,10,10,51,47.7724206951191,1,2,0,57.339036081789615,75.1311978754016,1
8.48507870497634,7,5,6,76,45.63407607975043,0,2,0,98.50822322620428,66.83744060132936,0
8.512420419935546,6,1,7,71,54.113052543765505,6,3,0,86.4803143541932,69.41984900797974,0
6.797455756098776,9,6,2,50,29.63690021142368,5,1,1,62.51035535891915,59.17939924225632,0
6.467959221322467,3,6,2,59,34.176025295878574,1,3,0,86.2084954037388,53.31194022403355,0
9.046805777392567,3,3,10,74,27.86758724698657,2,3,0,78.75127281308197,65.71702652151498,0
9.050566973395904,3,8,10,92,51.77073056148381,6,0,0,55.459449820175735,70.07800677663221,0
9.335361592900519,10,1,1,86,17.63362734491739,1,3,0,58.90982133940631,62.85917289765406,0
9.566202762782357,3,1,4,85,18.18399930333446,3,3,1,52.065407096073244,53.932290400387764,0
7.556711994304689,9,6,7,50,25.493280696739387,1,0,0,90.46190358373406,59.091072808206405,0
7.507581473435998,4,10,9,91,17.668855765629317,3,2,1,77.58523762976175,72.6257103456422,0
8.991475894833876,7,1,3,47,35.85537600282064,7,2,0,65.8374324325106,64.18402464346661,0
8.249819653888826,9,6,7,43,12.396955857252626,3,3,1,56.31724510141,67.49000164510332,0
8.509834386288517,7,1,7,66,22.610242067223044,2,0,2,74.20229379801896,42.45240364471366,0
8.978963347180505,9,6,7,83,55.23945841615745,1,2,0,76.26306733589693,75.337979011743,1
9.450026709087831,3,3,2,79,27.507401410548777,1,0,0,85.09742504902528,46.3736049164494,0
6.689975784257679,4,8,6,77,46.15285440714301,4,1,2,98.49686052235458,55.794520625929565,0
6.87791476319972,8,6,2,86,11.240420543861571,6,1,0,71.74727652036873,67.30862458149251,0
5.469909699204345,6,1,6,69,18.616047947798158,4,1,0,70.30171032971846,53.53147885778381,0
7.89140070498087,5,5,10,83,49.40400916602027,0,1,0,68.49650022950613,60.53434360151269,0
5.17971136898371,4,8,3,87,46.96461149593318,3,3,0,91.34619544834305,63.81761316882587,0
7.327990090662301,8,3,2,87,26.238575522660163,2,1,0,57.8158610699619,56.575550773497575,0
7.713223173537883,1,6,6,66,57.491829611841084,4,1,0,67.19064518175448,57.774714322277354,0
6.432706260641422,9,5,2,60,55.0853658709,1,0,0,86.24854024376955,50.71351529839087,0
7.954166302845054,1,6,5,91,57.926541201173194,0,2,0,50.78474676712232,55.839547309522345,0
5.152501249695247,8,10,2,59,28.535307960328197,2,0,1,64.46903618028473,49.92468874568919,0
5.186740943746072,4,1,3,99,15.861047102712567,5,3,0,82.07235813773549,57.76536820460939,0
9.113002803298292,9,7,3,43,39.46622515002375,1,1,3,59.297604900040234,46.832511422735365,0
6.800953207056315,5,9,6,50,42.662523705355916,1,2,3,65.13552845621356,48.27229772307717,0
5.635302563259424,3,2,6,52,11.899298144778601,7,2,1,74.30225372416146,51.248124013396755,0
7.611216300274021,9,10,10,100,48.256566886274825,5,1,3,71.10117829848436,70.81841212154976,0
8.849967765493055,9,5,3,48,5.993312086797829,3,1,1,55.30135949776894,58.17368790092058,0
6.079105137484216,4,10,3,43,31.550061311223086,3,3,2,96.91176611278163,54.003998505902636,0
8.114452379095,4,4,1,51,23.20589427221922,4,3,0,52.21463602910464,57.83119637857392,0
5.42673732496884,8,6,7,48,45.716668294449626,4,1,0,87.48713782114089,64.2398226747313,0
5.258408605843038,2,6,8,52,22.201840008199877,1,1,1,53.571138554557876,42.52144646254102,0
7.65677315784074,9,2,2,87,50.4743912029568,6,1,0,73.36479015125397,64.40187981394125,0
7.7031756080505325,6,2,4,65,37.72244188294458,1,1,1,58.770564582770554,45.0998731002522,0
8.187149507491032,9,4,10,77,48.664134896913964,4,2,2,57.05488982144627,67.81794053268882,0
8.630456668613308,8,1,7,81,59.41373508117931,5,3,0,56.29489882708626,72.29016660903255,0
9.879260397312674,7,9,8,52,42.353709015895625,4,1,1,72.63933183476712,72.2005130382776,0
7.581501741505976,1,7,1,78,59.17226739989042,1,1,0,75.77424546936462,49.2123323752423,0
6.61478236470623,3,7,4,67,6.585997980693794,2,2,0,56.669224677142,58.69792206659954,0
8.975930973843518,2,3,6,97,23.597699366609465,1,0,0,98.96978651331197,50.63194870879225,0
6.3541612563103715,5,3,3,58,10.931929550927002,2,1,0,62.888294343111156,48.055512873448734,0
7.1948571035281805,5,1,5,63,19.426771226144176,2,2,0,72.94206698013916,55.091386901119286,0
5.39228190671133,5,3,10,58,51.138834451917596,1,2,0,60.813477880095405,56.44761863939729,0
5.126753717077287,4,3,9,88,6.777779592934968,6,0,0,74.69613227247729,55.04033057660889,0
9.813242073389626,5,4,3,52,33.61006146528165,6,3,1,87.80082912325909,63.912132213623366,0
9.17990060256103,3,4,5,52,36.192078914280515,0,3,0,76.05510071472476,55.644796043008746,0
8.479871030468491,1,3,8,97,35.86331306695759,4,3,0,64.28244353590276,65.13038340813907,0
7.044764722071349,5,10,6,67,31.141339060279062,6,1,0,62.419830436696905,70.95844312208163,0
5.866471600354229,9,8,4,92,48.483163062336544,3,3,2,87.94672031135266,64.03187285923799,0
5.78218521335543,9,8,8,41,12.344869922805314,1,1,1,55.91190878631316,56.799964069501605,0
6.251214490822976,4,1,3,49,22.081735855293303,2,1,0,68.49832472029348,42.449837071221715,0
7.746133323530602,3,7,3,61,38.8649329394845,1,2,0,57.57413583269427,57.33786677757464,0
8.572979613500312,1,2,4,52,43.00232514473757,4,3,1,62.8987914647241,49.46410400024929,0
8.300986883588656,2,1,9,97,27.228163747738094,5,3,0,57.63416162424761,65.98282299830494,0
6.399669484729714,8,3,5,48,53.14541948299782,6,3,0,94.33862542712134,67.17502130612158,0
9.774326403315971,1,4,8,72,27.852136818275287,6,1,0,86.5952099506516,64.81938242543634,0
8.689484583478842,8,6,6,53,27.152687389158324,6,1,0,78.04636230221307,72.19082871796668,0
7.771770262557004,7,10,3,100,6.991399381806173,2,3,1,61.22126112477665,69.58379324352931,0
8.058603731171761,8,5,8,87,35.312773490710356,3,1,0,75.51134135995974,70.62397318983318,0
7.09800031213895,6,4,9,59,43.97744611815478,7,1,0,76.04166032237862,66.20850909515455,0
6.238654947505787,9,8,8,54,11.294098993426646,3,0,0,79.5201862826953,64.58244127278562,0
6.779863393256308,3,4,4,71,21.798802134832897,6,0,3,53.00425786113657,34.5367786100731,0
8.789230552321845,10,10,6,72,47.96913245805687,3,3,1,98.6450985598353,80.74812213961627,1
5.071967443148779,4,2,1,56,25.125568947746647,5,3,1,73.27194853001616,46.74477085557723,0
5.580363202534581,6,3,4,63,18.288135412202195,6,0,0,96.32658870495516,52.39690088454413,0
5.230013210108764,8,6,8,69,41.97103649608117,0,1,0,50.490405735698815,56.720575481055235,0
5.203644011594851,5,8,1,52,15.82173277194106,2,1,2,62.37791978176544,40.23808843397681,0
9.277302920055035,3,8,3,98,54.260910577074725,5,2,0,55.19977851566678,74.33115238515094,0
8.518289296900118,6,9,1,86,10.807911781437753,7,3,1,88.48080886773857,72.16907267072334,0
7.370869145436626,4,7,9,87,43.86023912555548,2,3,0,66.00625247973556,69.72847464722108,0
5.489170803255007,9,2,2,55,32.475178570750636,7,3,0,92.02462542078734,62.71533987110461,0
7.458079375584162,3,8,9,41,52.84612593183465,6,2,0,91.61926828579286,72.73381280574523,0
7.367358853902829,4,7,4,56,11.940730006443014,5,2,1,83.38973964032849,63.16232072612852,0
5.866009349550076,7,8,2,71,42.28422051728483,6,1,1,83.28909017719886,60.5226033768001,0
7.169258246189865,7,3,4,82,36.463005154975974,7,0,0,85.00798460365675,58.72517444480271,0
6.992523671986867,4,7,10,47,31.404957823202555,7,0,0,83.68819173148873,62.49416519005071,0
8.079250490261082,6,10,6,91,32.02739948879676,5,0,3,69.34541788421745,56.55344407866636,0
8.175468254338218,3,9,7,42,44.708732898919195,6,1,0,84.14138222842729,68.1663217053661,0
5.226520048860222,6,3,3,100,56.57579102141521,0,0,1,94.87034845961793,38.627955284948776,0
6.873063073132356,2,10,3,51,10.018841251547645,2,2,0,66.62867459383118,60.18690513258556,0
8.129299578571182,8,6,10,59,6.072645618578613,5,2,0,97.24445131074768,82.12718076071552,1
7.515681292900439,2,2,8,55,49.313763586466195,0,3,0,50.67907939493848,49.542438479524,0
9.28244920594161,7,2,5,53,10.949316315291764,1,0,0,67.45412691326186,50.25011027110138,0
8.293468158094726,9,5,4,55,59.26832378442331,6,2,0,56.60492008643701,73.59703402159084,0
5.8146721354071484,1,5,7,98,39.06415369273605,4,3,0,56.33099145225118,61.311467203607215,0
5.352843737002149,8,7,7,92,40.79765173897774,5,0,0,90.77147470057841,67.3097486410876,0
8.212096391031578,7,2,9,88,15.939043661590956,3,0,0,95.91841573750614,61.60011954625101,0
5.132556552708109,6,7,9,82,18.21717706631709,0,2,0,88.88791271164928,64.64158814841967,0
7.928877906367316,6,5,5,88,41.26426667045876,0,3,1,98.830785949628,59.05188958970109,0
9.701151207124788,6,6,8,90,55.03497608638083,5,3,0,60.816448508313535,81.51907877859502,1
7.877370889379395,9,8,10,93,59.031480498466166,7,2,0,57.039995610484524,87.79657006240318,1
6.940849631032609,2,10,1,72,15.891702064710152,0,2,0,76.03518910198068,56.71943022859395,0
8.216441092211767,1,4,9,69,12.376579249038459,1,2,0,91.45188073713089,59.37418549608429,0
7.291264452457583,6,7,8,98,8.102074676843475,0,0,1,51.991954541902984,52.086449086326645,0
7.728083946579675,10,6,6,51,52.756335998873034,4,2,0,99.7782830499941,77.41587583753584,1
9.707324043882625,8,10,3,54,21.20931657710578,4,2,1,80.11229646026614,75.60027674818795,1
6.930513189003872,3,2,3,57,5.0996618628088415,7,1,0,98.94709060906888,52.64040095627494,0
9.805952819119572,10,8,8,67,17.309994733103586,6,2,0,68.25408166168884,89.1837997066564,1
9.526753209780319,1,10,5,62,23.724259405468015,6,2,0,72.90119102667947,74.10375365357326,0
5.978955673946482,9,9,10,53,59.50423932231769,7,0,1,87.61807211986961,66.98822626724889,0
5.346806504375827,1,5,7,69,33.79478766213949,3,3,2,89.63502252806593,46.39512014226837,0
5.503890006887133,3,10,5,72,16.259267117730573,1,0,0,61.65165266751201,50.3056448917367,0
5.091109128257749,8,4,8,84,23.41500895923981,4,1,1,96.49005431538615,60.42812733924716,0
5.472214803779642,3,6,10,54,23.166922815628315,7,2,0,93.37115609173642,67.90840780225905,0
8.415033867081785,4,8,10,46,6.084916055474652,5,2,2,50.91026515515993,65.23745367570693,0
5.355943242301145,8,3,4,54,12.435067979428654,2,2,0,56.42840529275915,56.24558605183184,0
6.594878151468807,1,10,2,91,43.23580528367662,2,2,0,74.80485532035337,61.610525335742395,0
9.224376554847272,6,1,3,81,11.613804261390404,2,2,0,73.04777570565913,60.73804409997632,0
5.116359678679129,1,4,8,85,17.690385213336533,6,2,3,85.41954275174177,45.793364731521415,0
9.072342412944678,1,4,7,77,24.290551412236983,5,1,2,54.4855688026517,50.59890870107573,0
6.409273873867,8,1,2,85,46.675421947626155,0,2,2,82.24276533485633,43.084932646817705,0
5.590824138108282,4,9,6,95,37.03205306773669,5,2,1,80.81849655672912,68.6553401095295,0
8.483685826820754,1,3,9,96,42.89499917437126,0,2,0,61.680979923902214,57.52781121035433,0
8.14471423389942,10,5,4,93,36.185677898109475,2,1,2,77.11969821341998,57.837277240494565,0
9.387360067635264,7,6,9,83,42.597583387202796,3,2,3,61.110360349799095,62.76867173974787,0
8.67535521901943,5,8,2,50,5.156318451518485,3,1,0,57.346151355030315,60.75580842714776,0
9.017404651924242,5,6,2,68,56.199397940428625,7,0,0,78.65674673270352,60.28173330577228,0
6.410172862856532,1,3,9,70,11.100612698114357,0,2,0,98.87371391502852,52.38319096996263,0
5.887197718898614,10,6,7,64,27.343700278729766,2,3,3,61.84666745858725,53.96497769550167,0
8.753073758204291,6,1,7,91,47.40711036346701,5,1,2,67.76680746775759,55.25735567346997,0
9.034173696336321,9,4,1,93,28.937689490518316,3,0,2,62.828661299502336,49.48397942910291,0
9.952525710003368,9,6,6,63,57.07634034171337,0,1,3,63.322991082324734,50.39073786749787,0
7.063088384557132,8,7,7,96,30.717392167432173,7,1,2,70.20960670933403,64.98595484692731,0
6.860090428963916,5,10,6,58,53.121667308146925,5,0,1,85.09277553253101,60.28928382584671,0
8.882064803709984,1,3,6,41,49.595546234924896,2,2,1,51.940226201547254,47.85383254473403,0
6.704017701265089,9,9,2,61,58.95424665392758,1,2,0,97.85620978427801,68.84299567552007,0
9.653786628017823,1,7,6,59,55.96012794130365,2,1,0,52.31399397446238,57.708708373430284,0
9.29206375921506,8,1,4,72,54.39681090920833,6,0,0,94.06265909722799,61.03922155083319,0
7.1449701368750915,5,2,9,47,45.23823872857076,2,2,2,94.71890493809994,49.71145844279493,0
8.754355338957486,3,1,1,64,25.184898099752143,7,1,0,76.22445937957616,52.3367722598882,0
8.772714370423412,7,9,8,85,10.836898021069633,5,3,0,56.84984143094837,85.14517980252026,1
5.5156193441796635,7,9,5,48,42.87547787454145,7,0,0,78.25729852784718,61.83589854184387,0
9.512764533397833,9,7,1,73,58.82597447358807,5,3,0,81.43160799514249,79.36537838584505,1
7.526261862239286,7,10,4,96,44.963244053252794,4,3,0,92.88794789035556,80.83886433578564,1
9.13228733053871,3,3,1,62,56.080115310253454,4,1,0,77.54476878847848,54.04401379000142,0
6.600248005153059,1,5,6,44,49.23675921255342,5,0,0,70.5354697951669,48.55502052638364,0
9.477616142481002,8,4,2,94,13.971307131417332,5,2,0,91.9145596927057,76.79048449431293,1
6.946008393670816,3,7,5,100,18.7062073825208,1,2,0,99.04758986763095,64.04673292707703,0
5.054188257401492,8,9,7,64,23.80260809692927,1,1,0,82.25516025789666,63.2854047659977,0
9.52690988209632,8,2,2,47,14.254324438590228,2,2,0,93.71935186514048,62.56819721836807,0
5.456433383930667,5,8,6,55,36.99082329701537,7,2,0,79.9367556414532,69.37863636835156,0
6.596568187952075,1,9,6,93,58.64977882742232,6,3,0,84.48939957051527,71.28169089939989,0
9.750309835254026,10,10,5,87,46.880235838988725,7,3,0,84.40835587744594,92.02214469934775,1
9.753035734687781,7,10,5,84,28.286271198710402,3,0,2,85.23934934201327,61.75583045944867,0
7.86718944061643,10,9,3,91,5.247746453915877,7,3,0,66.05067219643168,83.82832893795204,1
8.159186060848995,5,10,10,100,22.230180612599828,6,2,0,78.78306981358561,87.11318485513397,1
7.242227609891598,8,7,10,54,33.97176082307184,1,0,0,79.70677919868977,61.44188861022914,0
6.466053858490323,9,9,2,40,22.83379806185838,2,0,0,65.7535813356616,56.0208281934355,0
6.64332272684958,7,9,7,61,11.106920766312275,6,1,0,67.49261838518319,72.3802909189035,0
8.362592280385192,7,3,1,42,29.3520726274042,7,3,0,88.11233825083573,64.5587383929602,0
8.761872647188401,1,4,6,77,18.928904933114392,0,0,0,79.13619203086246,44.92689989044203,0
8.957895218629243,4,2,6,93,55.00778070538258,4,2,0,57.46055739815843,66.40928242859623,0
8.94809071397277,2,10,3,53,10.596499067555865,6,0,0,91.88184943414362,61.8844988417397,0
5.456030515243452,2,3,2,75,7.70339457985907,3,0,1,94.15571435371598,35.389312366497585,0
7.472101523512907,2,5,2,57,5.292279303517413,2,1,0,73.3070573978907,48.22058517570563,0
5.287793800083222,4,5,9,86,23.043832646711177,6,2,3,60.44537160114635,52.31353282128818,0
7.747644411618678,1,6,5,80,41.32127610104887,5,2,0,97.38032477024527,67.22558427552592,0
7.207652506866885,4,7,7,57,45.1727564084986,7,3,0,94.11347822597881,71.91681992108707,0
9.4385209137915,2,7,5,42,29.929392585994773,0,2,0,62.219087317091926,57.56631178256589,0
6.754575062760393,5,1,7,49,42.63807577503967,4,0,2,54.77968681513487,36.99803628029214,0
5.585335082138029,3,2,4,88,24.795271991844988,0,2,0,72.03268037745534,47.44453071910402,0
5.714958410264179,8,9,8,78,41.72934209926393,2,2,0,83.81984932468697,74.65358872290811,0
8.80755315858736,4,10,10,86,7.232779191630537,7,0,0,58.7694292609972,73.84587134760484,0
8.091090316581305,1,2,10,40,26.49141415118523,1,1,0,75.66063292158739,47.85811818867577,0
5.505613380613951,1,6,7,66,48.496732269824854,4,3,1,71.27077471362583,54.39448999674652,0
5.420534030574987,10,1,10,96,49.16533167524507,7,3,0,94.52755743847328,75.43941677165647,1
8.5048456572956,3,3,5,66,44.3881828381632,0,1,0,71.47833164035643,48.61432410169371,0
5.363815031820968,9,2,6,50,16.233124131342542,1,0,0,76.68881968675188,46.38112741892583,0
9.109300296451782,7,3,5,88,18.59628154118483,3,3,0,97.76430980009111,71.48085903464013,0
8.531211135782481,2,5,7,44,59.784879999548174,2,1,0,64.98458829372822,53.90700177500145,0
5.406743903209499,9,10,2,46,10.685790396107794,2,1,0,64.44954659709707,61.19575277502511,0
5.42418857042596,10,6,5,58,14.936448439632516,4,1,0,89.97975399710214,66.47091035863897,0
9.933197892505877,2,9,10,96,12.151444060757292,0,3,3,63.87694930719843,57.01078236881229,0
6.8713539787806015,3,10,3,95,23.021023002598856,3,3,0,91.59329350366025,69.81302382394128,0
6.8532107353344545,10,4,9,68,16.559670937865786,5,3,4,54.77678046808225,56.047642625340025,0
9.063997836287513,2,7,6,54,32.372837775127465,4,3,0,55.56306236547342,67.16436714826179,0
9.736242886919293,3,6,10,74,31.181138878406593,7,2,0,95.06616870813859,79.07978337815317,1
9.930005319114354,6,2,3,86,54.58280906982167,5,1,0,77.04061412412176,65.5916224678261,0
8.766890926294709,9,10,7,76,6.910697109462982,4,2,1,85.94071333471194,82.03243949402632,1
6.881297927654579,9,8,4,94,22.593376716726983,0,1,0,61.264444593127216,63.92191377364791,0
5.417503583493344,7,7,3,51,37.81618405983996,3,3,0,58.31371841910541,61.94809798730733,0
8.885734579637184,3,7,8,69,38.264096901418014,0,3,0,91.74771311163201,65.5356366472168,0
7.792021248679025,4,8,4,59,31.406942595781505,2,2,1,67.93117035116244,58.82168527885913,0
7.1211100462348815,6,1,1,76,49.86160474480486,5,0,0,72.75163095609972,49.452422779236585,0
9.53177192547368,5,1,6,42,8.449719427795234,1,3,0,51.39859486376795,55.61418273066923,0
5.555987411530757,2,8,10,48,49.85182710690748,6,0,0,69.29403670964832,57.23860700899361,0
7.4631255214542955,6,4,1,97,32.2114832239637,7,1,1,88.52189040624893,57.94983743496951,0
5.0567682238370955,3,5,5,80,12.35683822923512,2,2,3,91.06375886430847,40.70181514830485,0
7.343303209970632,8,8,7,78,53.713605244726274,2,0,0,84.93773944412709,64.98262462331328,0
5.2815163784091865,2,5,6,65,40.707582874752994,5,0,0,84.60898667718712,50.308928516502874,0
5.594089581340359,1,10,2,41,13.99501277532766,7,3,2,75.31196332985789,50.056607714919586,0
5.587631233885524,9,4,4,62,6.850734786946464,4,0,1,76.91646646299115,50.232721885179586,0
8.246051510580319,3,6,2,62,12.76103065829571,2,0,0,87.13158734065718,48.99861304020368,0
8.730224396327117,1,5,1,98,38.48388780992165,6,1,3,62.365089941386145,42.50389819970899,0
7.916843825485798,7,7,3,60,14.861292939302665,3,2,0,61.5758534123028,68.32892665430184,0
9.81086274237271,10,10,3,55,17.416969118126545,2,3,0,97.49624119570274,81.04898688897954,1
6.87435289761852,5,7,7,48,6.38268491659728,3,3,1,51.38449433793877,60.12413738119366,0
6.428560431409304,5,4,1,52,44.7611869731232,0,0,0,56.973273183259074,37.269246865243744,0
9.3429956409473,1,5,9,67,49.57004198676904,7,1,4,78.5166213100624,44.53876036568181,0
6.117979192597263,9,3,6,66,48.826649722466776,4,0,0,86.89174193491743,58.084784717831994,0
9.816112697203057,7,4,4,90,12.016248325035633,3,0,0,76.89455414925058,62.08100326512489,0
5.0607723734490815,8,4,3,91,54.68156200638176,2,3,1,67.7531998082442,55.37811024980039,0
9.849394133538194,9,3,3,56,41.9753356210744,4,0,0,98.89880596764837,62.36181954258823,0
5.215799559752881,6,10,2,77,54.364074230727546,6,0,0,85.1926342566423,61.46445350772408,0
9.455715568490355,5,5,2,75,29.5938277491865,4,1,2,91.56954205335396,53.67358762068254,0
7.638505545431499,6,5,10,40,29.032517359603375,3,3,0,52.0123437094102,67.7659245014037,0
9.964823980596503,2,7,5,57,48.14950852766924,7,2,0,61.79600552366918,70.75731393408049,0
5.368982823676994,4,4,9,90,10.131382051220893,3,1,2,68.70855467957901,47.55094040140309,0
7.769271422006604,3,4,2,48,33.64807201491871,1,1,0,59.1300699041139,45.04741719917779,0
9.846512678095495,7,9,2,52,51.00113295971741,1,1,4,53.64496363545736,42.71081425048827,0
7.615489220850744,9,6,6,79,50.660590968826426,4,3,1,61.25458322973401,71.25653431914546,0
8.146993190676312,5,4,10,94,57.587307098830294,5,0,0,76.68178156185213,66.34534258888972,0
8.478743444923087,6,2,2,84,43.404992644180055,7,2,0,84.78726241783527,66.94405264288204,0
7.272705323838866,10,6,4,54,16.42738461918506,5,3,3,88.70104614825405,60.400487321147835,0
8.137790400420318,2,2,6,82,6.115417319201946,1,0,0,52.14680774338585,43.24518019790519,0
7.921571559615501,3,5,5,83,31.367868924490605,2,1,0,71.39930861062956,56.54011426290787,0
9.505790052454945,3,6,1,85,33.25371260924055,0,3,0,56.11057917926836,57.70222006723507,0
5.227231901707289,9,4,6,43,18.21444214744123,4,0,0,71.56001932223359,54.56048923108027,0
6.4048159479611515,7,3,1,72,11.858359591798177,0,2,0,71.69879245601476,52.204812124971625,0
9.752057420382794,8,7,3,63,37.241449140478,1,2,4,74.91058433561219,49.52594111320653,0
9.451318919454582,10,2,10,75,47.034062071327774,3,0,2,94.64153131316198,58.036541478491856,0
7.278283763928565,9,6,5,90,59.62347569745883,6,3,0,90.25477513120447,79.54663819412353,1
8.100662989007684,6,4,10,80,46.70664394657852,4,1,0,81.8360422568196,69.78224009563827,0
6.386905914905663,4,6,5,49,48.64978278405695,1,0,0,94.27036614667654,46.72350540752121,0
5.940605798618806,1,4,10,75,38.90534830258386,7,1,0,83.92343082523116,59.028824356314914,0
7.318492024699911,8,4,6,59,59.225746243350976,2,2,1,90.94274803815375,61.141180475060544,0
6.766761140130264,7,4,10,80,40.19760118130137,6,0,2,78.18891504920633,54.67680845549562,0
7.91828055925436,2,9,8,84,52.31393075198374,4,2,2,76.26091258154503,63.73642815535365,0
5.388673184824924,8,7,5,83,57.01815554325256,4,1,0,86.20486213861923,67.25009418587453,0
9.871974038330833,5,3,1,50,56.14221752753085,7,1,0,50.98446559878755,58.203338270106364,0
9.931053722398016,7,3,5,51,25.97784390808461,5,0,0,84.51887858157117,62.30321197249958,0
8.490808570098725,4,6,3,57,9.326413207284226,3,0,0,96.72591092021824,54.229381774956174,0
7.680481831720602,5,6,4,69,14.453053639658576,4,0,0,85.69710399133771,57.942967224219046,0
6.547638081431639,8,4,8,83,8.25728179681341,3,2,2,51.839686214860926,58.93395839326981,0
9.068975098534743,1,9,7,87,10.796831415602702,1,1,2,68.89428203863619,51.876488735790836,0
8.423655862769397,1,4,5,76,15.15581852415337,2,1,3,90.4790651135643,37.33817366443896,0
5.813084696724457,4,9,2,59,23.760187412307097,6,2,2,97.930427502221,56.760727124799956,0
9.554635922469213,3,4,6,64,34.89468056162917,6,0,0,68.50816778181886,58.35229498318881,0
9.112686214615845,10,2,6,51,44.14251326452973,2,3,0,92.0597027938454,69.39827112518313,0
9.74899956645962,2,2,10,60,16.601003485858158,4,0,0,93.19049376507564,57.00791981176108,0
8.6285975419418,3,5,10,64,41.988732233097664,4,3,0,56.1643199663025,69.96359061284076,0
8.06707597967895,1,4,6,50,43.73424909763308,1,3,0,92.28942333593437,53.94591908016275,0
7.091215181453094,1,7,9,48,35.72422852764042,5,2,1,66.21249478193076,61.361110633687076,0
9.663642416770067,6,5,8,89,54.69898283892908,5,1,0,79.66188607827087,75.48460961837229,1
9.330319447502042,5,6,8,64,11.104714765699587,5,1,0,76.94810596782105,72.00846757199487,0
5.226093350530947,8,10,1,74,14.741680168133072,3,1,0,83.15269318680603,64.22086458989705,0
5.13183487248626,2,4,5,91,28.576565341421666,5,1,0,87.02323254723652,55.48929618140457,0
6.882316834390248,4,2,7,71,11.969200437883138,2,2,0,72.044054880929,57.33351201350205,0
9.052766653909163,8,10,6,88,36.14628790482481,6,3,0,94.41554110745662,89.08032669809597,1
9.936380646574722,6,9,5,53,26.912025663518342,6,1,0,90.47492107807807,75.99632352321406,1
5.752084455517641,1,10,8,40,20.652768699475516,3,3,1,89.27105463239299,58.38707541332098,0
7.970653576760675,4,7,3,56,14.34943971597005,1,2,0,72.91234209671458,59.670446587744294,0
6.904454283155108,1,4,6,64,23.443603109151567,2,0,0,51.87864429223051,42.424042927286045,0
9.849571989073016,2,3,5,98,38.437764295778805,6,2,0,74.61282031894723,69.18924736220357,0
9.210594615678543,5,10,8,47,36.668186598917636,2,1,3,94.92227670720915,55.12347691233427,0
9.19164352355569,8,3,4,44,13.99932001156286,6,0,0,59.522507780375946,59.22043414329492,0
7.343465798974851,8,9,8,44,11.870589590734838,0,2,1,99.12962360052938,65.83517134523808,0
7.074097511688326,3,5,10,80,6.4672219434879885,1,2,3,90.38453100065857,48.07097007727324,0
6.367035359653531,4,3,2,74,5.683407658666274,1,3,2,85.49148961410324,40.95646863159181,0
5.281877483254636,10,5,9,58,53.38957396458269,7,2,0,83.85799789611605,75.84911038033167,1
9.323611881275266,6,2,9,62,7.479887080296446,0,0,0,79.35129409668812,52.43661943935258,0
9.064505045650389,10,4,10,48,45.21716104302855,3,2,0,86.0335161624566,78.13756410465643,1
9.998588366430653,3,10,10,93,52.959180293472635,6,1,0,71.09527781096602,81.42309539306274,1
9.983184185369527,2,2,6,69,10.393181670935167,7,3,0,92.26440540100648,66.82061962188357,0
7.777158528013137,6,2,4,89,28.99657831081597,6,0,2,84.81729780476404,47.04755994343629,0
8.844937075902553,5,8,4,55,57.92666407458522,6,0,2,88.56265561897746,53.80842835026735,0
9.723828649412141,10,1,6,72,50.87762632879718,5,2,0,89.62437110829899,77.50407984656762,1
9.248236953387057,5,7,5,41,31.933721752182027,5,1,0,54.603502285445124,66.65963054846986,0
6.236740508715988,10,5,6,53,46.94141120353541,5,3,3,52.78203863438689,56.75008731489613,0
7.252720676550467,5,8,7,85,50.83576934374151,5,0,0,90.0492934242368,67.37674318348714,0
5.645797075757475,10,1,7,40,24.14148297537956,5,3,0,62.96920105191231,65.2000570569585,0
9.770255136293612,5,7,9,65,54.06841042784785,0,2,0,79.09849037559071,70.52151030670186,0
8.0308731722544,3,5,8,97,30.876032582243624,1,1,1,72.18554276094932,54.07476156058555,0
6.143214027517313,7,4,6,64,34.029404995735646,3,2,0,51.10196018338171,62.88581690968812,0
8.358503422029283,6,7,6,55,59.983920080200704,2,3,1,52.014062908313576,62.43969472576237,0
8.09064120228948,4,10,5,54,51.38166313836887,5,2,0,91.35626211393978,75.94641632660625,1
6.790813590164202,2,2,1,65,24.8973503175139,0,3,0,80.3838780744362,43.26402219373706,0
5.567787960998145,9,1,9,86,5.569007805998497,7,0,0,76.19215393684225,60.57387749351412,0
8.357865977963998,1,1,9,83,39.439574058664206,7,0,0,97.21760417358752,54.60696017327093,0
7.601538504518967,4,1,9,55,43.71523843704593,6,2,0,58.65575129644225,63.30091007774742,0
8.861591958678197,1,5,8,53,40.79414795788588,3,0,0,62.898541982939925,51.75590633316146,0
7.6008175055599665,6,10,10,68,58.232429313976716,7,3,1,87.83695391178136,79.3615607439042,1
9.260907501592701,4,7,3,63,52.46340650326793,3,0,0,88.76176139789646,57.642003234821296,0
7.759534193872428,5,2,1,86,29.68574312493567,3,1,1,70.24485982195822,47.5066435566766,0
7.804689857676932,5,10,8,94,8.457161810980953,0,1,3,97.548921732188,53.0387640020666,0
9.383268013291726,9,8,7,54,31.18323232260983,2,2,1,96.91272888575853,74.22333944302251,0
7.017414331061985,1,4,5,58,42.90842109791127,5,2,3,50.620485753007976,41.96405573660459,0
5.670076142253204,2,3,10,47,38.42403945248525,3,2,0,58.61639511703625,55.2326021477455,0
5.143913381566695,6,10,7,73,34.59753872409867,0,2,0,91.01097208419355,66.46144775509796,0
8.775686278368095,5,8,10,41,30.78504269083827,6,3,3,66.76083424130042,62.62043607242232,0
8.101547756767324,7,2,4,66,21.15690301650625,1,3,2,54.77313393499142,47.4123707476676,0
8.520398840496117,3,3,9,49,20.254071894854608,6,1,2,89.24995872117918,52.0034690705802,0
6.064820807544553,3,3,10,74,32.5127313409191,0,3,0,72.72917527876047,54.911684609502245,0
5.681857377933849,10,10,2,62,13.833173053630695,0,0,0,74.6205393357686,56.09972812911172,0
5.07272332833941,2,1,9,88,23.737698296614088,0,1,0,59.31846944080856,42.53828434602027,0
6.752937794032984,3,6,9,47,22.81886010905548,3,2,1,83.04475269694639,58.79801391885609,0
7.949588434273165,10,2,5,67,37.29230408713105,0,2,0,77.56206590613088,62.60766333037145,0
6.9612202254986615,1,1,1,62,8.667526519966351,1,3,0,60.33364688945379,41.19907662681054,0
7.1873746101186455,5,2,7,43,50.63177741458023,3,1,0,67.01657542196034,53.18481893824769,0
9.520793472468743,5,6,10,53,35.93081092114212,6,3,0,79.84396436680859,78.77240543502938,1
6.741277335116502,7,4,10,92,41.89546744267644,1,3,0,96.24361277167051,69.46814243033319,0
7.569947445799054,4,6,4,81,43.6701647067688,7,3,1,96.01881751607459,65.30614291305456,0
8.918265063705714,3,9,9,68,21.031627526339506,4,1,2,64.39529521987416,60.90136304042647,0
6.982713911606351,1,10,6,40,30.870436206167657,6,2,0,86.78104888799425,68.21524238696043,0
8.110433501139367,8,10,3,43,57.5935275728317,0,0,0,88.77595402619048,57.85227863535606,0
9.311818543733725,3,8,6,71,47.16878808982482,5,2,3,90.44115499913974,60.784941934130984,0
9.747603118288211,2,1,10,72,58.325628137275196,5,1,0,78.538114237574,63.28643362995277,0
5.7353674046451895,4,8,6,88,46.04398898304586,3,2,1,50.52539990497939,60.83895242583088,0
9.632938125807472,3,9,5,65,14.658007683968457,5,2,0,88.08381427231242,77.02112312129533,1
7.460581465397691,1,6,2,56,8.549473611457193,6,0,0,55.329872491467505,48.197533216177646,0
6.291221941494792,3,10,10,78,36.7713790195815,3,2,0,55.84356931102009,72.2890761563585,0
7.295678781191306,2,5,10,62,24.679730383643527,6,2,1,80.28124013230763,63.47938901999789,0
9.900162876427386,8,6,2,71,20.150185057599362,0,2,0,99.17602605126508,68.27276532149266,0
7.463090469964348,6,6,7,91,49.39660480339796,2,3,0,62.12697366328999,69.61318907694022,0
6.6437580514375405,9,9,2,54,25.184629689507105,2,1,0,82.29054400256038,64.00215084526641,0
8.167004271583629,8,4,6,52,22.435053335386716,1,1,0,65.18268228688005,58.72962385001186,0
6.200728093890966,10,2,5,99,51.74931762429557,0,0,0,94.93630568052649,52.682391022956054,0
5.37931664054332,3,9,4,41,51.545803506755306,5,3,0,79.6758446056932,64.04465843302243,0
5.644398609553246,5,2,7,99,24.600165076528114,0,3,0,60.37386638282354,54.428937408681755,0
5.640229194788862,7,10,8,58,50.78742855422814,4,2,0,63.106552522271414,75.5113537007277,1
5.759513467561471,5,9,4,63,51.79281696829633,2,1,0,71.62403652090605,58.31603027491394,0
5.694135863247051,8,2,1,84,28.316179426631646,5,0,0,56.10217810149064,51.15092698059856,0
8.204373724016072,5,8,1,63,8.656022161504435,6,3,0,53.93666841317408,69.37429565125353,0
5.909400421995724,1,9,1,50,5.087155445648706,6,2,0,84.0030697873978,60.019951929854045,0
6.728336416619316,5,10,1,98,33.78108545889472,2,0,0,70.35825310445601,57.131142619433085,0
9.483942049530059,4,9,5,61,23.924152135369564,0,3,0,86.31128959351385,67.24573534603769,0
7.3698082013143615,6,10,4,54,59.84225417871013,5,0,0,55.50291002188108,64.12080200391871,0
8.337788692605136,3,9,9,49,47.48260497950063,1,3,0,80.49327739505479,68.00025395259264,0
5.861599356008149,5,2,3,80,46.870150099272685,6,0,0,72.16533966848702,49.29627967941121,0
5.961445094043354,2,4,7,66,57.5383522558039,0,3,0,52.89993272285143,49.650407183399246,0
5.204343081332395,6,7,8,99,53.824841884132645,1,3,0,77.24009891379885,67.02178011405762,0
5.844675315360822,6,2,6,48,22.50031137010138,7,0,2,54.140213735727286,39.15406454474527,0
6.392951695159793,5,1,10,91,14.129297188213199,5,3,1,91.38598738955041,63.63705553662854,0
5.885052421383734,6,3,1,67,46.02407457860152,2,3,0,81.59787326950143,53.73684053288689,0
5.443512668785278,7,4,8,40,25.805064152558014,7,3,0,77.84837668802243,66.6099412336544,0
5.603179355503004,5,8,10,56,31.024495839702606,4,0,1,56.67345022348295,54.884243391768585,0
7.303893840163629,1,6,3,70,39.67187522011548,7,0,3,64.37285567520415,35.08045312009207,0
6.0316685920289625,8,2,8,83,54.932997231438236,3,3,0,74.64379485676497,66.41634413357492,0
6.8213493052403775,4,9,4,49,28.049826451903126,2,3,0,81.6641756819844,63.29042883639997,0
7.5170863542742845,9,2,8,76,48.082428962064874,1,0,0,59.16153593710778,54.833946847793634,0
8.451974143146828,10,5,1,68,19.758688520106162,0,2,0,50.44331390668117,62.86959366487127,0
5.196560699205495,6,4,3,57,43.388448500798745,7,3,0,67.23800936346478,60.47897038587814,0
8.997051994545213,1,7,6,86,5.086868159285153,6,2,0,74.14357272781217,71.89608697419057,0
8.139501947454539,3,8,9,77,52.93289674198491,5,0,2,59.221675279840156,55.20009227252747,0
5.4087951597443595,3,5,2,78,6.670876897495438,7,3,0,74.60827529276028,59.31368850960709,0
9.367893120533886,10,10,1,88,44.201456511942126,2,2,0,66.92429292846344,79.8757904078852,1
9.604362002659066,4,5,10,45,7.544200409370614,6,0,0,72.75448330532039,64.04889281114122,0
5.305389799274319,6,2,3,79,19.64351346667019,6,2,0,67.3728875289297,59.87307786841591,0
6.384388240736019,7,8,4,51,32.34613219561042,4,1,0,81.42339248934,64.67362747993583,0
9.031006398965307,10,2,5,92,28.0966276941531,5,0,0,52.14485054967859,66.17816350043636,0
8.741298451918292,4,10,3,53,15.550986303055582,7,1,0,58.54526449721368,68.11564224073395,0
5.922605096781886,6,6,10,83,23.359820144008054,1,0,0,71.63754345554997,56.55482880667502,0
6.046746616683551,1,8,2,94,45.02385035335319,5,0,3,67.81483577759283,37.24656318131237,0
6.85236051395691,8,6,2,49,41.80914009188066,7,3,0,69.58159779769085,68.50926412399826,0
7.422614925955107,7,4,7,93,8.949802107015364,5,1,0,90.18803474402398,70.68908588327517,0
8.09127385765148,9,4,9,59,46.10237040650875,0,1,0,94.31658291236829,63.471975643075126,0
6.8445681978488615,3,6,10,54,7.91752346583656,3,1,0,62.4334391748785,59.69558774151752,0
7.31267358066574,2,4,2,70,34.86095140048815,7,0,0,91.81955301431528,49.70139453899709,0
8.737354690668782,1,8,7,46,19.303451142320483,6,1,0,72.93949326451789,64.44387794164574,0
5.183416014452989,3,9,7,97,37.32295701579004,1,1,0,63.69103096431104,58.15935113381213,0
6.262184721720104,5,1,7,80,19.3730617767496,7,3,0,99.27280355023392,64.72422065363358,0
8.566747929422762,2,4,3,49,59.17268832942071,7,2,1,91.24008957170837,56.41631614466416,0
9.476034188435996,3,4,7,49,22.035050105014253,0,2,0,99.71266595432681,59.30284386798772,0
7.5583872105783305,4,2,1,87,18.30783496209728,6,1,0,58.40953922141273,54.460264612870844,0
7.660567426326578,7,6,10,100,20.31559100034403,3,1,0,57.19213369739293,72.29551740791874,0
5.53586005669888,3,3,1,78,54.30600714926125,0,1,1,75.16889764721196,34.347542100798265,0
7.237061834117274,9,7,5,67,39.99203557681396,3,1,0,81.9321880017277,68.70603480875887,0
7.663086332275116,8,5,2,69,45.187625358142704,3,2,0,58.55300462666758,65.95139252198274,0
6.212352518173648,4,4,9,76,55.490578055189275,3,3,1,93.02153340442713,59.658717585861744,0
6.346216154746905,1,5,7,94,55.152986666475414,0,0,0,76.60067393316817,44.12891158542339,0
6.886420815523113,1,8,4,42,45.64202156183001,5,1,0,70.54709166103237,56.842311804313525,0
5.100355988888632,1,3,4,89,15.88034358627276,7,1,0,80.10268364635226,50.63773280009987,0
6.610395827915891,1,7,2,82,51.3855326371253,3,2,1,81.74768564861446,53.16650098764475,0
6.057240034982723,8,6,5,54,16.207681880508503,5,1,2,52.13916404918971,53.812040286763086,0
6.637486760889573,3,1,4,60,45.85943477541376,7,3,3,99.99463333525247,41.34179493530713,0
5.598810659096256,6,7,1,91,42.70816865996809,6,3,2,68.19597884022377,57.06044237916179,0
9.452636403699476,3,7,8,76,46.738886757724565,7,1,1,53.07713234549481,65.4306625522881,0
7.967962267770243,5,1,3,95,34.29771243925987,6,2,0,92.61615873877577,65.33340260260975,0
8.395511595722448,7,9,6,51,40.12994002370708,1,1,1,99.65093396061562,61.97217883102702,0
8.945856193036692,2,6,4,43,57.432604423884044,4,1,0,90.8179254608045,58.66590385169853,0
7.492210994645286,6,2,9,86,10.559872679581819,5,2,0,92.59412449299228,72.85697706730546,0
5.434601440437119,6,5,7,48,21.986600112989098,7,3,0,81.29675571097255,66.5621480699188,0
7.685532709092739,3,4,9,78,38.624635720411035,6,0,0,96.11627891104663,60.501978277618754,0
7.934205590104396,6,7,10,81,58.022977157231914,4,1,1,51.78692758637338,67.42921848371311,0
8.727197370921651,10,8,3,100,10.256594621443064,3,3,0,88.33619314771005,81.96968884129348,1
7.158297731148397,10,1,1,67,6.2402071841547535,4,1,0,83.53551141670377,58.62460108750736,0
5.637901513977819,5,5,5,62,8.06622791586804,4,0,0,52.47924852620011,50.63133205712174,0
6.418879528993623,2,3,3,84,7.882312755365934,3,2,2,77.19867894882397,43.78704526887205,0
6.815411481993175,9,1,6,100,54.92987217775724,5,3,0,75.75301728789347,72.01944613513793,0
8.229586206658006,8,3,8,79,44.66918493636036,7,0,0,84.57671125384883,66.40842944842996,0
7.85389152334456,3,6,4,83,42.2408501407953,3,1,0,53.876570580458626,58.1069595533811,0
6.780483629489231,8,7,5,61,33.74150511439952,1,0,0,90.2639392664206,56.49912023399947,0
9.932576243964899,9,8,5,63,48.00739393346836,2,3,0,56.97017210057523,77.38280115048269,1
8.028874096784435,3,4,4,90,13.560639601887495,7,2,0,70.93323067309363,66.425694449709,0
6.186133958679973,3,3,4,97,26.556765438364057,0,1,1,94.0644003750818,41.86893466959373,0
5.508912363102018,2,5,4,65,31.950233792038894,3,2,0,78.02658027477482,54.65174077888714,0
5.7642956959216605,8,9,4,69,11.072522372219943,3,2,0,68.97954568773672,70.9237565012949,0
6.229788641922541,10,6,4,72,28.073254013563435,4,0,0,52.41011210229184,61.347455672589135,0
5.803406866297778,1,9,5,55,22.40759785944412,1,0,0,83.61367586008609,45.56578686905248,0
5.932835120256529,8,6,2,61,6.957018018640445,6,3,0,99.3273382653392,69.40214437240002,0
6.425475843469235,7,2,2,88,12.520447150107938,6,3,0,95.58981993791915,65.18993966719412,0
5.866867976473774,7,5,9,96,47.02202527421095,4,2,0,85.8648038786714,74.34418541776961,0
9.483827123132127,3,9,2,89,5.992085022755445,5,3,1,55.26464291279725,69.0851435704254,0
5.401168728308211,1,8,6,82,56.38393145029986,7,2,0,61.97200467001971,64.84309230538675,0
7.622556947851273,4,7,2,57,9.753354784598057,3,1,0,59.34245097266435,56.22340678351133,0
7.051984134948308,9,1,5,46,48.958095181190195,7,2,0,67.77308201278227,65.36065512687972,0
9.911893084543031,5,4,4,89,54.42390975189089,7,3,0,61.775861389576775,72.96060972480515,0
5.560194510840262,1,7,7,65,56.762457166774595,3,3,0,62.22197229858466,58.66472382801027,0
6.989277995228708,5,7,7,47,52.71123629227849,4,2,0,80.83649676877027,69.17934824094309,0
9.847352166376844,8,6,6,45,20.815252168399375,7,0,2,65.93513279806918,57.359432602797,0
9.327535629469901,8,8,10,69,23.319792223616236,3,2,0,83.85814382362366,83.94524047381154,1
9.085360354746399,5,6,5,78,28.460013423554177,5,2,0,97.39448295730902,76.14783669195604,1
6.2895141352246995,9,10,1,62,12.661317917390544,7,0,1,81.92389583066195,60.3949716441921,0
5.854437936950329,1,3,3,71,6.224985028697312,2,1,0,87.58283386051856,43.35580796518588,0
8.343216099622154,4,4,9,61,52.8016887854569,0,0,1,87.57902076414189,45.43724551310674,0
9.646879945637929,3,3,1,81,35.4770793915751,0,3,0,66.53513941996555,53.390017749762244,0
7.783814465069649,2,1,5,82,38.4797618198019,0,0,0,50.74789972967177,37.68949885960304,0
7.858063447349499,8,10,2,96,55.98436611497874,2,3,0,52.75239814971072,74.68815452861533,0
6.399895468301421,7,5,4,84,41.58160979624886,3,3,1,64.10301254422792,60.4262542776992,0
8.847464665959684,9,1,1,48,42.99694273868974,4,2,3,84.4771591828799,48.12503925375091,0
5.935218742787617,2,1,3,70,48.28327566402082,6,2,0,95.33415693241463,53.8285740338905,0
6.618396182021218,4,2,10,46,11.399164742157208,1,1,0,97.93991310953731,51.298724231072946,0
7.127182193082084,6,4,7,48,24.808918426758535,3,3,0,51.29243319200367,62.75682741659405,0
7.538051893422275,3,6,10,52,58.251436023685145,2,2,0,99.50436228163855,66.05402305360681,0
6.212048662075401,8,8,3,97,55.76115429553336,7,3,0,66.1248609178347,76.24246354741318,1
5.574184123696018,3,3,4,42,53.62414129706016,5,1,0,92.14781141175577,50.47974612418928,0
8.053100212208163,2,1,2,74,29.864868068643485,2,3,0,59.01477303483902,49.428356922271874,0
6.443152766201279,3,3,3,72,52.14561244727431,7,1,0,53.14491288034296,52.3616328172839,0
7.906191107113061,6,3,9,60,7.6617735070171085,6,1,0,68.91777120313438,66.06133765724509,0
5.771813576371011,2,5,3,70,13.168458334141459,0,1,4,92.94626942653466,22.832569077967108,0
7.405700509274087,8,4,5,91,27.768223416622977,3,2,1,61.0412457938908,64.1720666402555,0
7.662947162757929,1,4,2,73,31.586563667516952,6,0,0,57.697866287592106,47.379776463047854,0
5.259117684112135,7,9,4,71,19.492893443647127,0,0,2,95.49021644750952,42.51868020063131,0
6.6830213909696035,2,7,7,96,24.60621689662831,1,2,0,96.91686013107295,63.48619556683459,0
5.672073384694871,10,4,7,74,13.952685556395283,7,3,2,50.627409959445444,62.39528133406529,0
5.3168748523638385,6,3,3,54,31.902371744374896,7,2,0,86.37178687077409,59.844567419227765,0
9.949801161949726,2,6,5,95,48.66138110773237,5,3,0,65.46038682646633,73.33960175286607,0
6.611769224873615,2,3,1,71,41.37482165137182,0,1,2,68.73521849835947,28.695051973331797,0
9.049372229273175,10,6,10,45,10.92857360510477,1,2,0,73.4551487475745,76.07526515360533,1
6.273203273818819,8,9,10,84,31.816988186819383,7,0,2,71.33954850872598,63.1719831295515,0
8.407513611119647,2,6,10,60,43.37055105288487,2,3,1,75.74868924910527,60.634170194415326,0
8.801139299448433,7,4,1,72,34.14424131046677,0,2,4,79.11808578700081,38.16650830341781,0
7.978193703039222,3,5,5,71,26.542157809455194,0,2,0,73.2797752418962,56.54776438755079,0
7.357880942750792,8,6,10,91,39.2052931706133,4,3,0,85.07817702447588,81.12596919655304,1
7.059204570736343,7,3,9,58,58.27512659151515,5,1,0,85.9300831421071,66.5420139985032,0
6.744341332714976,8,8,1,72,10.21993503713429,5,1,3,72.01795987130976,51.88376911473204,0
9.64764572123913,7,4,1,67,26.450883341115837,6,1,0,57.12315740435543,64.58047296073268,0
9.153097038938647,6,8,4,70,27.36332191753526,2,1,0,82.03194606600613,66.74504355913432,0
9.825134553332564,7,10,4,60,36.7332020757604,4,3,0,88.64783561753545,81.66595882899146,1
5.6214861174277235,5,10,2,93,13.369603103505485,6,0,0,81.90547606019749,62.25078530301612,0
8.654337376018221,7,3,9,73,14.715366642875825,1,2,0,79.40273829234079,67.97769649121419,0
9.69170228410519,1,10,9,54,20.694876229882006,6,2,0,61.47059956173032,77.21782583820726,1
5.9061653308283,1,7,2,53,57.57285237976858,1,1,1,82.25685204096291,39.18439290916289,0
5.3324813368338875,9,9,9,58,45.37597196769964,2,3,0,66.7428107288106,73.47589811590348,0
8.705603246450295,5,4,6,82,41.39313159303268,7,0,2,95.97794314066425,52.53695121045664,0
7.8723655658995595,5,8,8,54,49.93267280668442,5,0,0,82.68600463799905,66.08319090915693,0
9.20914388379136,3,3,10,45,12.016705790418111,7,2,0,63.908983835415135,68.54077574668787,0
5.698861883131448,5,7,4,91,52.26330508480634,1,1,0,73.6463454681965,55.97899056807655,0
8.976336559299451,3,3,2,48,37.71579926381272,2,2,0,92.32906379425222,55.12539611401211,0
6.008136600238723,9,7,2,76,23.44309541024145,7,2,0,66.77319755913237,72.58414008256217,0
5.818279714328522,9,10,9,59,49.872039066012974,6,0,1,76.27202850761905,67.21069563582947,0
5.8213289896549645,6,10,1,73,49.14104938917433,1,3,0,83.98349866257612,63.30719253940919,0
9.07287360115691,1,6,7,77,51.51397199441999,3,0,0,87.7264669413371,56.560074262505985,0
8.325986103481,7,2,3,65,11.353484505884019,0,2,0,58.69460875323725,55.35442383644617,0
7.615327123845597,7,3,3,57,58.31486847476768,6,1,1,78.25761523386446,55.62477369408886,0
6.794152420617513,10,6,2,67,57.779438458435216,5,1,0,95.60999502481008,69.54611009734266,0
9.386002704065541,10,4,10,100,24.660830502595786,7,3,0,98.4179890754847,89.15042617042666,1
6.962225537113177,4,6,6,94,8.624171001655581,6,3,0,82.80725212796791,72.06822492697341,0
9.082997197357885,8,1,10,90,14.188061820783213,3,3,4,99.18304020799928,54.34225937380604,0
7.195674542851092,6,10,2,48,59.605695399458334,2,2,0,78.53676244880704,66.44019706120267,0
6.884722147124538,4,1,10,71,35.96571187444147,2,2,0,72.13025148904666,58.922059861790956,0
7.3133989283480325,4,3,4,98,24.614198935432864,6,3,0,77.5793729474123,66.11133316217546,0
6.50688937082071,2,8,10,92,20.851148161752135,3,1,1,55.785619713176104,58.95058918663182,0
8.738046900881255,2,8,9,95,19.134545442102116,7,1,0,70.0857959842694,73.1372458957642,0
7.513601950462396,4,4,9,98,41.52840207799651,6,1,1,72.92025265152644,62.603385824738,0
6.161063475734086,5,6,6,45,28.066330733582728,0,2,0,92.4313899360489,56.78283836660065,0
9.497872866372841,8,8,4,53,58.09758846527364,0,0,0,87.93242963712237,59.67617601537032,0
6.919456106866058,6,7,7,67,42.61136668549488,4,1,0,80.07132926124004,67.41313544925697,0
7.717764305569943,4,7,1,97,48.56245250769287,1,1,1,67.3638617438135,50.53023336666376,0
9.532360554822734,7,4,4,63,21.100785172073795,4,1,0,59.35172928463285,65.0866395514496,0
8.12118997956996,8,9,5,100,9.355252500974421,7,3,2,67.3882510457314,73.80188685413316,0
5.5844902035418205,2,10,8,52,31.830256056003456,0,2,0,83.9902035479566,59.54577956261207,0
9.699160618067376,7,6,2,82,22.3019850600425,3,3,2,63.15188995425166,61.32201656194456,0
8.13854026535709,2,3,5,51,16.114574075435804,1,3,0,71.3443347854583,52.046628705249574,0
6.674528073285431,2,5,6,90,57.39531719404737,7,0,0,69.3385117440841,55.06945445660533,0
5.696360363316936,8,5,5,58,29.419351788811667,3,3,0,88.27950318955301,65.37546935380159,0
8.97012594635148,2,5,9,60,14.60897256268321,7,0,0,94.18935311300721,61.21023110352981,0
8.100363779642567,9,8,10,66,15.925785897462653,4,3,0,84.96854784054884,84.7885841592764,1
7.667305459881607,1,9,1,97,20.439035835552673,2,1,0,67.0801130466517,56.19854376010084,0
9.469462915254788,9,9,3,58,59.9623947504342,3,2,0,71.65885244879436,78.23354573994662,1
8.942986056122653,1,6,2,63,19.740632528577855,4,3,0,57.16750770268607,60.57299736566275,0
5.758374398663756,10,6,3,65,23.08409925181495,4,0,0,58.40487238833049,58.88104464920425,0
6.558610338977742,10,9,10,84,41.26304703912008,4,2,0,58.21462837632575,85.18731799660188,1
6.242445699072329,2,4,9,67,21.167875702566405,2,0,0,56.52931787806551,46.32774451794519,0
8.719731462863384,6,6,9,85,16.869233808283134,2,1,0,58.97906142545651,68.30359578631537,0
5.167662173678897,6,4,10,95,13.725045265727928,6,3,0,60.13441012891788,71.41267879347757,0
7.8494484243565825,1,1,2,57,22.19754657652857,2,2,0,55.59229718988165,45.45106495600763,0
8.812293428703452,7,7,3,83,10.825362929582543,1,1,1,82.01303609421134,58.97393543380787,0
9.383828183808747,8,10,4,75,6.025562252813059,2,3,2,99.52007672910997,69.7301686358663,0
6.710408743579537,2,6,9,81,49.255293353407254,2,3,0,93.9593372326128,64.44082563030496,0
9.106286523360065,8,9,3,68,12.58422183280171,2,0,0,52.28013619130431,63.29113669082669,0
5.553158684776037,9,7,7,56,47.678726739838325,7,0,0,71.15294045983623,64.48838357109882,0
9.23226145867259,6,7,3,43,48.86483634426629,3,1,0,92.96552896163863,64.1187361741338,0
5.637443311659912,5,2,7,83,34.585573948108376,2,0,0,56.73374089959982,46.222709124526126,0
6.986436452801836,9,9,7,84,22.03250770721233,1,1,0,92.38225733260214,71.57051133919344,0
8.986476828897768,9,10,9,100,12.976800356243865,7,1,0,79.63503189189497,88.8996897393582,1
5.749587136743869,1,9,2,98,45.52428086965495,4,1,0,96.5649276298056,59.081495426292655,0
6.146256976163207,3,6,6,68,38.076284228998226,3,0,0,93.80195571322126,51.87643340840788,0
8.611262841965331,9,3,9,43,41.04994010714603,0,2,0,83.85171610293588,66.01590683060785,0
8.600182682730372,2,1,2,49,5.4767999414822075,7,1,0,82.89113299363478,50.257812647518406,0
8.205738164426487,4,4,2,64,56.01343586393035,2,2,0,60.65821011959541,56.6783019314029,0
8.469742222335501,4,3,5,70,8.645960309560262,7,3,0,55.83764835790043,65.50670196059582,0
7.713622216737981,2,1,10,42,25.17432368270031,6,0,1,70.76967149843992,44.91129264041891,0
6.258995294534763,3,3,10,86,27.149140730843513,6,0,1,59.32900197465624,50.61520072400246,0
6.728479967519597,3,4,10,41,5.074553847387186,7,2,0,55.12083588388795,64.01368603077219,0
5.9079885840071285,1,8,8,96,32.339912014293844,4,3,0,65.11633666364467,67.54925684336473,0
9.542252806668142,6,9,9,64,46.404494698105545,4,3,0,93.02449713983242,83.82708470560833,1
7.916958973830602,8,3,2,88,50.27977592131247,3,1,0,50.85740770091806,59.65977719232327,0
7.0042570838181994,3,6,5,45,53.36683463182364,6,0,0,64.63188408610878,52.88432460204404,0
7.310029018220663,5,10,7,65,31.824537757345322,0,3,0,71.20260926072461,67.55809315734481,0
9.736416698059077,1,5,6,47,39.684990479130775,5,3,0,75.52848748076433,66.2623766001646,0
5.766757015580401,10,6,6,74,9.373584231307433,6,1,0,59.07887541914946,70.40785031801924,0
7.9311491600839865,7,4,7,66,31.842102335496246,7,1,3,98.21100999190156,53.55036717869795,0
7.52944339442233,10,10,3,64,13.514866517945439,6,2,1,78.94365217860948,77.26954673450015,1
8.05727117717324,1,6,3,57,25.330371469238678,1,0,0,76.1055273528522,43.28401970735693,0
5.090550919104203,9,7,10,93,23.111792207552963,5,3,0,50.44112944651706,80.00332453740448,1
9.360619544720757,8,9,9,40,28.29473174828295,4,2,0,74.28576896980036,83.09002898729635,1
9.66059141241806,7,10,8,100,36.44001398857729,5,0,1,91.8835314727592,76.22669410365692,1
7.825665917946045,10,7,5,87,54.65821558846477,6,2,1,60.98222715256213,76.7373086247581,1
8.483254119384462,7,6,6,78,26.696654724112793,4,0,4,67.56037841932064,43.83634437866837,0
9.612496905886479,5,1,10,42,58.96221576413529,5,0,0,51.02857323438478,57.86991839314969,0
8.536193171566993,5,2,1,94,46.74654264281615,4,3,1,98.84637571168976,58.85758434601944,0
5.762695214571306,5,1,10,43,33.131457573361075,4,0,0,53.33258985640204,47.88633675996075,0
7.881441800834066,1,9,1,80,40.42145404115693,3,1,2,94.91105619547847,47.90361727520217,0
8.03357523191428,8,10,4,76,10.622329412256946,0,3,1,65.64938570902274,66.26275763082074,0
7.12065335651193,1,10,2,90,51.44868422225102,4,1,0,79.37782009929393,61.800208124198484,0
8.682221178123614,4,9,7,54,37.02966002851812,1,2,0,83.96577699830017,68.90813811174972,0
9.671835073845074,9,7,2,47,59.2337114115281,6,2,1,57.04145837155573,71.46920322765047,0
9.627842564533882,9,2,10,77,40.0035809064067,6,0,0,72.18796888901677,70.59482481423012,0
7.254196857020661,5,6,2,89,50.876137079647876,1,0,0,66.27330501233212,49.707430489113605,0
5.566190229203777,4,4,5,58,48.986950853738186,2,1,0,52.83012328027327,47.97251223412759,0
9.924205994811672,3,1,4,95,24.000363330754787,4,1,0,91.65968271965903,59.927785395375054,0
9.19449043222967,3,1,8,86,19.27858438782664,7,1,0,52.258387824873886,61.68621079547688,0
5.623313406016334,5,5,4,65,28.67714708873305,4,2,0,82.66289797419334,61.9787070639393,0
9.604209413086862,10,2,6,78,30.698273942486043,4,1,0,65.70386882099235,70.8353813339193,0
9.349481810310643,1,4,5,49,18.204658606515416,7,3,0,59.60646636009333,62.18872309329048,0
7.5941902856303605,5,1,2,77,54.202883034303454,5,3,0,83.35430256677726,61.11167968378904,0
7.9563771787246464,6,4,8,53,34.84013242653553,4,2,0,78.72688572631029,69.63063015133139,0
6.9950135193506515,7,6,2,88,58.81444156844633,4,1,0,65.76281286874149,63.766492296987764,0
5.273808194110156,9,10,9,80,49.55097779254448,1,1,0,75.64803741296197,70.34738764091412,0
6.675986208229505,3,4,9,58,35.56376732155703,0,0,0,62.31185506031047,43.96585807313109,0
9.014267242990057,2,1,3,69,57.08721529793976,0,3,1,93.18482295013462,44.302921719459846,0
5.023160115023014,3,7,4,44,32.768114830241885,2,2,0,65.69093901635807,53.40091282196203,0
6.667495858455721,9,2,8,94,53.790858188526876,1,1,1,62.25765147757657,55.103025569252914,0
6.990843467954717,7,9,9,70,24.697962965769303,4,0,0,87.59168555298255,69.8539696984827,0
7.686978014689615,9,3,3,46,25.825331087225173,0,2,3,50.87962439969574,40.5451971045937,0
9.599278082063803,2,8,5,58,27.997187563401212,3,2,0,63.40058660430377,67.54587946772925,0
6.7317299718298065,5,8,8,70,35.06441052687854,3,3,0,68.76976103255866,70.94941894240793,0
6.734766009481138,4,3,3,91,35.44196486093532,3,1,0,94.11189808956908,54.500133603621826,0
8.687506240548743,2,4,7,97,32.30194069223963,4,2,0,97.52209012741721,69.42222840786143,0
7.261089704449036,9,2,8,78,21.83005354707421,4,0,0,85.8238983456975,62.22460455387678,0
6.12302411469991,9,4,10,63,55.996355563495705,7,0,0,74.62658905048299,65.02881861255155,0
7.262197580663467,6,9,3,73,37.37223535420898,2,2,0,82.03107745288443,68.8694200357591,0
5.704285101898999,6,2,2,96,27.42565689053772,6,0,2,70.70005258406665,40.572181929475086,0
5.8819349325311165,8,3,10,62,40.814732840899,2,2,0,64.94129159243339,64.95887836282517,0
7.4918388636973985,6,4,7,87,47.238171679539285,2,0,0,97.53440340698143,57.43199778709882,0
7.094627247522739,1,5,9,84,57.84004485255337,5,2,0,55.76951145049619,66.71340007112661,0
9.5742295053405,4,1,1,79,32.47520392471704,3,2,0,67.31967840250545,57.80467676926976,0
6.811969495583165,7,7,3,45,11.165418069291734,4,2,3,94.95444799802965,52.49648567480821,0
7.902941751390218,2,10,5,77,29.242119079009772,3,0,1,86.15707152937085,54.54077587289367,0
8.161321439597652,9,7,3,80,31.343380879940927,2,2,1,51.45507256614883,66.2056805342134,0
5.065472282941668,8,9,1,75,54.334674300212065,4,3,2,51.15498367121236,57.567046052046265,0
8.317686860083553,8,4,7,66,26.71404226546242,1,2,0,75.82562313122872,67.396478817609,0
5.890179834348757,7,6,7,50,57.432834568792615,7,1,0,74.21265281150109,65.25367611502377,0
9.805351587347275,4,2,10,44,31.682254924288415,0,1,0,72.1495769328159,54.33492844351089,0
5.7433136387655646,2,4,8,96,58.55792755384109,0,3,1,65.11718809195045,48.78156492855648,0
7.0731206186351185,3,2,5,56,5.450907662202921,2,2,2,99.33193599068196,43.38193477558352,0
5.426748340393219,6,10,10,91,54.434845614349065,6,1,0,63.59936614916907,75.92996314552093,1
9.984371259229736,5,5,5,46,56.211624856884285,3,2,0,74.5020103220281,67.67772951006408,0
7.510975051656213,8,7,5,66,57.85615146708673,1,1,3,70.2446548411533,46.983350363547466,0
7.976925086600219,6,1,1,86,5.719209379603817,4,0,0,58.51247129808711,49.452077619057675,0
5.335382386942137,6,10,10,96,14.443546010266994,6,0,2,60.13094095626393,60.29190718073419,0
8.74980235199589,1,10,5,54,40.95704767012799,3,3,0,95.91513710048864,68.6266963779118,0
6.049527965477929,4,7,6,85,6.400998045430892,2,3,0,92.91398614279775,64.99447919799552,0
9.490271447203568,5,10,1,52,8.49849478970754,3,2,0,59.95221529101762,70.18753016732424,0
6.025698202410036,3,6,7,50,17.159338053139308,2,3,0,93.78313119547568,59.20058206799354,0
5.953438603318332,9,6,1,99,33.18418728091363,5,2,0,60.459306504042125,71.9261500335145,0
5.182748339240474,1,8,2,84,35.02464075967441,0,0,0,81.32731608738486,40.349328929315995,0
7.360334725549996,6,8,2,65,6.8843617536427395,6,0,2,54.064026166034694,49.393548167791295,0
7.824205666313082,6,6,5,61,14.370198792984214,0,1,0,94.01848131295591,57.31508989291997,0
5.328543197141762,10,3,10,67,32.48381203340604,3,2,1,52.57501497327335,63.66930225573388,0
8.877638083475052,5,5,7,63,37.66673415188729,1,0,0,77.74714446255683,54.67645620008206,0
7.266444173740139,5,2,1,68,13.162093306741845,4,0,2,88.98557625901924,37.13912332676973,0
7.6219513466379,10,5,10,48,26.936277657083387,2,2,0,55.84173682053406,72.98525214137105,0
7.20381373469114,5,9,1,81,54.742079008432384,4,1,0,70.22401337500942,64.23034540856078,0
7.00381530437663,6,10,1,43,59.93946078753946,0,1,0,52.09750757450251,53.59211156576672,0
7.79820165654109,8,1,6,88,59.29679501571277,7,1,0,84.13762886699796,66.4245102699285,0
5.776201229653562,2,10,2,85,53.49209806577798,1,1,2,65.3724797480676,42.44318573337948,0
5.909640652476355,6,5,1,95,26.706304837247018,1,0,0,77.9697622319235,47.07133622794619,0
9.308928105067587,1,6,6,57,42.76158606411313,4,2,0,96.63661352101809,66.99967040651167,0
9.730577310668163,4,7,2,82,27.912572528130926,0,2,1,65.29290539974212,57.29031567507731,0
6.866546581398765,10,9,6,55,40.66898647533115,7,0,0,52.431373581763886,69.84701246514288,0
6.353723365717769,3,6,10,72,22.01878590332158,4,0,1,83.78138838493501,53.25949068492872,0
8.219997716195078,9,5,8,68,38.34112394856826,3,0,0,89.34205672570837,66.00747186176376,0
7.0436708554904826,3,7,2,78,33.80671731040674,1,3,1,97.8934279938788,53.45475064281568,0
5.126931778301724,6,1,9,99,6.346414619725998,1,2,0,57.89004385128329,57.41933236754486,0
5.780762986830952,1,5,8,49,48.48865970603626,3,2,4,69.60699625580749,34.675658722581346,0
8.579861144236988,6,2,10,48,5.654380773483559,0,2,0,92.20702300127374,61.65270888267121,0
8.294619709550757,4,4,1,98,21.123576823931597,1,1,0,90.34356966344397,53.58570305502497,0
5.135479962517417,8,7,7,70,5.32582359997013,6,0,0,81.23978536669313,64.03468336144157,0
6.109860809664747,9,5,10,67,25.6910777312359,7,0,0,63.468427260134696,66.41383471824867,0
6.1553739829403575,4,6,6,99,8.473829049027662,5,0,0,64.20176453253887,59.390353886850164,0
8.359463717993641,10,2,6,96,55.24310317571827,5,3,0,56.20014973120713,76.97782623426068,1
5.098552688771821,10,3,6,42,27.862361233957774,5,2,0,96.09268368929548,68.10709427579833,0
5.520542909922869,6,7,6,93,30.272267617542553,2,0,1,58.64657573197226,50.2878048488888,0
8.999580426865947,1,2,10,94,24.241762984997017,6,3,0,78.64433005899532,69.29618669124385,0
5.892723310271668,4,6,7,53,39.51283848109714,2,0,1,79.21757084910564,44.25928964526171,0
8.263730539259374,7,5,3,97,48.142446414001206,0,1,0,68.48027205976345,58.58049966474413,0
6.190913905233632,1,10,6,64,40.64807086769378,3,2,0,67.62592305027276,63.85591996103253,0
5.497206963796726,8,1,3,54,46.151391511732015,4,3,1,83.42942092791398,52.70093155156753,0
6.21586095499727,10,10,7,41,54.82855149300932,6,0,1,69.41488889742695,65.26575405775357,0
8.611334659278295,6,4,7,63,52.49505924192858,7,2,0,62.755769666900036,72.27416610726485,0
9.27848234053143,5,2,8,53,42.07321490145327,0,3,0,69.95658512000155,58.79451993375046,0
9.151099322834959,10,4,2,87,16.805087959743574,4,2,0,90.3831038832773,76.33826719982503,1
6.985917648092274,9,1,9,46,40.07365680730609,0,2,0,98.32392275655928,60.51371729896054,0
8.34042568285323,2,2,5,75,32.834570265728104,2,1,0,81.79751152269225,50.81129151772744,0
6.024921477079105,5,8,9,89,44.4470577055731,5,2,0,89.10506127420533,77.79483791354578,1
6.465738651305067,6,6,10,63,50.81124066161032,3,3,0,76.6412430656305,70.59319942725438,0
9.4816790926056,7,2,5,66,45.84968234525296,2,2,0,81.24115710467188,65.39517477941558,0
5.06500961755368,5,6,7,76,51.56086434787069,3,3,2,99.40433283682799,54.94761671257765,0
5.42754265427234,9,10,9,77,8.512650533756311,6,2,1,71.92094323509558,78.58013944242049,1
6.039431275730136,1,9,4,69,6.739102103060517,4,0,0,53.31273484771,51.204736098785034,0
5.132661019369099,7,7,2,66,19.217531223477668,0,1,0,97.85034589096773,52.37667298240692,0
5.907177175448987,10,9,9,78,54.53663462597456,1,0,0,89.65308604517739,66.94421963490194,0
7.91520780484846,7,5,2,54,50.30125880411856,1,1,1,69.91551839317856,49.18546476774299,0
7.107122752962489,4,7,3,65,42.55000137874214,3,3,0,99.11975268113844,64.38971909471779,0
9.463358555384875,9,7,10,40,43.541726709184374,5,1,0,67.2767875174313,79.25321735435928,1
9.087217808692206,5,3,2,95,44.96687580920169,5,2,0,68.60600980040144,68.53130116568892,0
6.70908675848938,4,7,3,43,56.84314852666108,3,2,0,80.48656765949605,60.25526515784585,0
6.297117167156463,7,1,6,68,50.770513376915666,2,0,0,63.71736930776784,46.9264239996856,0
6.898462040836335,4,9,3,96,39.28647128648761,1,1,1,84.92857425653663,54.887739783683685,0
7.951474712574038,3,10,10,40,41.61434893914273,2,3,0,57.6425151975253,69.7737633526572,0
6.340318204114381,9,6,8,82,16.75571441336171,4,3,0,55.401265967907676,75.9481049543412,1
8.12074453924567,8,5,6,89,41.15253538359499,1,2,0,76.74390037820778,69.9775622077913,0
7.047058260956202,1,7,7,85,28.357345683015218,4,3,0,77.77468411972006,66.8240533977878,0
7.760235904259901,7,5,1,61,13.412902883315905,0,2,0,55.33275348148453,56.19695735009898,0
7.180632645676583,9,10,3,50,49.352155058561586,2,2,0,98.20881305655755,73.44390099387478,0
6.472328797709588,8,5,3,49,33.06359048917301,3,2,0,78.66433288035418,63.45039393624935,0
9.742266534810783,8,10,2,98,58.75837729291818,1,0,3,57.5517496248463,50.69696900090934,0
8.818028970798803,6,7,7,56,20.492364496098872,2,0,3,65.57212621661495,44.22596237097722,0
5.700565878832263,4,10,9,75,31.43685617677922,3,2,0,90.01171069665813,73.05443925526046,0
9.342339879489565,8,7,4,95,29.639750006787747,0,2,1,76.16157639327659,66.83448271436102,0
7.437155991247568,3,3,5,86,11.64287373379183,1,2,3,59.40741742732778,39.41545563564372,0
9.472761134470456,9,3,3,65,28.436340335692872,4,3,0,55.14244860309024,70.73962599904782,0
8.999276279736577,2,10,9,87,20.81544010315087,0,2,0,71.53872061187424,70.81630377901776,0
7.126067522346167,2,3,4,60,13.817625925181392,5,2,0,66.87073543432172,57.99544401727202,0
5.112346541600587,7,6,5,52,20.518557121987662,3,1,0,82.79586762409868,57.962617330953805,0
6.34338679692473,10,6,1,48,17.828843019651558,7,1,1,96.26234934755827,60.315674801291976,0
7.708171073304335,4,3,2,50,45.374044205323294,1,1,0,62.38651428870794,45.30070301162534,0
8.167391099130736,10,3,9,50,6.692634804253805,1,1,0,92.76169666414225,64.70828108575641,0
6.2894384271660115,8,8,2,45,38.960451135227174,6,2,0,96.02309892226003,71.45266505310003,0
5.69678037036412,9,8,5,40,46.83637381129836,6,1,0,95.10012997349507,69.10375498884525,0
9.174651183996495,7,7,8,93,31.439790105793524,0,3,0,97.60386649727177,75.2942059924806,1
9.92201090351776,5,10,3,45,56.236073900435514,1,3,0,92.10543110646375,69.94662459195654,0
7.628450911513429,8,4,6,52,43.933438238009444,3,1,0,79.67430026983351,62.569070354230035,0
5.858396429241518,4,4,4,61,46.13580082212795,0,0,1,70.4923049355121,34.04358747921962,0
6.361536632596845,2,3,7,95,15.831341809247863,4,3,1,74.58438930168856,56.265571295029595,0
5.0919533827373336,6,5,10,70,47.751256671149044,0,3,1,93.63060874387926,56.17414442386172,0
9.571494032802494,9,3,3,61,50.76521048457132,0,1,1,65.06991887085913,52.10156211489257,0
5.588755414450706,1,8,6,76,24.869651362329428,7,1,1,57.96308471705472,53.86912112079384,0
7.882582377571268,10,7,10,86,16.734968741813418,4,2,0,57.04096090668976,84.96548715839685,1
6.37027610343603,7,3,9,66,26.177787356198916,5,3,0,91.34973049525001,71.48214603329954,0
7.770890012578967,10,9,10,89,45.678438295007545,6,1,0,88.07428431650489,86.67946762208754,1
8.257101941759322,9,5,1,91,27.97014532277865,3,1,0,74.88226705231708,65.64033393277316,0
9.148709018536008,10,9,3,53,45.51585313736334,5,2,0,63.74357140460766,82.40483853400254,1
6.032106358803016,9,7,2,86,11.24604975376457,5,3,1,83.88065877713058,69.32446911206584,0
5.054979143292402,10,7,8,97,49.33064407686664,5,1,0,51.92165487162349,74.63793792649052,0
5.684428150344036,3,6,7,44,18.926411490329656,6,2,0,78.41139078333308,63.35729035774181,0
9.500093209240525,5,2,2,97,18.691094324302654,2,1,0,69.92125843697318,56.52236772666286,0
9.369450387812577,8,9,6,75,37.47095308621234,6,0,0,98.89298169059842,76.50899985279482,1
7.987065510851542,8,6,3,71,8.856492516084431,5,0,3,75.3780124555263,48.25582278366253,0
8.002584302168266,4,8,8,73,6.446374967656771,2,1,0,77.61338762251339,65.4587768268023,0
8.325183372731278,1,1,10,46,19.35657659113971,4,3,0,85.61813317214096,59.50660358323117,0
5.876856393117248,1,5,3,81,34.59371529041525,6,0,0,74.22692405628234,47.963219988472225,0
9.5720597296248,4,1,10,87,54.9189012423875,3,2,1,61.22843096383757,62.53214842888576,0
7.093852624460366,6,10,9,49,51.553934696901884,5,1,0,76.8638923274224,74.66410512135985,0
6.915692641247487,8,8,1,89,31.97455529565365,1,2,0,97.21344354453602,67.99163943128607,0
7.594588526414188,6,8,5,56,7.037859653142102,4,0,1,70.49554940842359,56.119952129736376,0
5.234829833875275,9,1,3,69,34.438900404612,2,3,0,83.98204774998365,56.38817058447339,0
5.8314168437803975,9,9,6,60,43.763757995891254,6,2,0,98.90170944428425,79.58728332607896,1
8.690168082131851,2,2,10,99,23.654049288876855,3,0,0,91.49611564917453,56.68962310181308,0
5.413993339625632,10,9,2,52,11.108481680491009,0,0,1,82.95170665416619,48.079549486273244,0
8.01576054733194,1,1,9,40,20.321237426311267,3,0,0,86.79982441652572,44.60159191104228,0
6.226745548406605,2,10,6,40,47.43738754572977,3,2,0,96.82416240085375,64.52073601774305,0
6.946478070209883,5,9,7,86,24.318410775583057,5,0,0,97.98760522001783,68.83403831728491,0
6.443468683853499,4,4,5,72,49.65898198771406,5,1,0,98.4484065160998,60.009850203696836,0
6.7783635823247455,4,9,9,77,22.57367984941117,6,0,0,81.2820814101261,67.17982235279557,0
8.595229525921226,9,7,1,64,13.995527112759998,6,1,0,69.23558249326183,70.58130334369004,0
6.485608578115875,8,6,5,65,28.971659773248454,7,3,0,56.657656447815,71.8990526090763,0
7.8320232014844855,6,5,10,52,29.875098175902643,2,1,0,69.27740006702015,62.97675411191577,0
7.380252010995498,1,9,6,98,5.885952020213534,7,3,0,97.14777273678095,74.12409753561057,0
8.31835582681324,2,2,7,67,11.437478998847936,6,3,0,94.48985402961948,64.27495195274469,0
9.68414869662379,6,2,4,72,15.17093103250496,2,1,0,76.18298310314393,58.29204899832082,0
8.662860486051251,2,9,1,76,11.247302455827118,5,3,0,76.8503643296962,69.75604125114454,0
6.074701892953784,10,3,8,80,23.78393414817501,5,1,0,65.44601747974848,69.39126806304735,0
5.1559156753064235,5,8,10,69,58.05425705893599,1,2,3,72.72539450352407,49.840106395567425,0
6.311320221499125,5,9,4,96,33.00723960798929,1,3,0,85.72242469696975,66.85132808194393,0
7.975389653501274,6,8,3,88,39.51558131288556,4,1,0,70.1215362823896,68.69142749591792,0
5.257129067421252,6,4,7,87,24.60125631876655,5,3,0,59.39919360380169,67.56233454213958,0
7.481831236006181,6,1,2,47,22.791826890373034,0,0,0,77.04297894125389,37.911380441131634,0
7.984214244584447,2,4,8,88,6.27307245532546,1,1,1,61.2668455727164,49.296600808215494,0
6.671219454084804,10,9,6,86,32.51835106218123,2,0,0,98.71437780063,68.81911347179064,0
8.85456101872911,3,2,7,95,31.598495371341645,3,3,0,69.5169957005977,64.4052334973559,0
5.532991265668859,6,3,5,40,13.680689939961766,6,3,0,95.48324858045581,61.410678905642634,0
5.375688908679043,8,10,9,51,47.0378200113687,6,2,0,61.27769983018121,78.8581713777549,1
8.640943781018017,1,8,5,44,32.09708816710516,4,1,0,59.46045026528882,59.11043165821103,0
7.477456581030992,1,6,5,63,23.64466835888653,1,0,0,80.84505645198686,45.04964840490666,0
8.44201198213868,2,8,3,45,13.079989996260984,3,2,1,88.96895391516603,57.71839122109017,0
7.174136693018731,6,7,1,64,35.36884548340568,3,3,1,78.33822819261879,59.12124715333517,0
6.2320101661955345,9,5,2,40,46.40493643488453,1,3,0,61.48978418026297,57.40895741200445,0
9.095511588370998,4,9,8,64,20.509964397673443,0,2,0,51.8947181441998,68.09027271994945,0
8.997079394844896,3,4,1,40,17.03368933671974,0,0,2,80.91444105955026,28.98934825543926,0
8.473482354272134,8,6,7,71,33.706423023551736,4,3,0,56.55186126827741,76.71006081258751,1
6.360725686149813,10,2,5,81,13.543881638050932,7,3,0,67.15881935161656,70.7151498314531,0
7.9511533343454355,9,2,3,81,41.663736262685674,0,1,1,83.78923768356157,50.2018616345989,0
6.804869484700134,5,2,7,42,38.29389953693268,4,2,0,54.90117202914659,59.005050074586954,0
5.457910366633171,9,10,9,88,9.789512727528574,7,3,0,56.36257398919779,84.24626256076445,1
9.586567877311214,2,7,2,58,7.008620865975563,7,0,0,53.08331036537021,55.92347502409574,0
5.684093154594807,3,2,8,99,39.115875892372166,2,1,0,99.80395644534133,53.4298780331123,0
9.751186769104013,7,2,9,82,21.186157569380743,7,2,4,69.35383843007907,56.49480574706526,0
7.230028864789778,7,9,3,68,9.75451642453692,1,0,0,95.28975838673173,57.92057436728015,0
5.925664644193098,6,7,2,89,46.76857877260676,7,3,4,64.67928192121411,47.879256194154635,0
7.709504736891791,6,3,7,41,22.272420165970427,3,2,0,87.66012825702478,63.58106935435245,0
9.364729179382042,2,3,5,48,30.277975230102296,4,2,0,60.95333081561894,60.08118410478425,0
8.661124432047806,10,7,5,95,18.024711009957308,6,0,0,74.91623548241252,74.80848488233288,0
9.03280573930725,6,5,10,56,39.50243930968805,0,2,0,91.23078696478898,68.13384297563573,0
8.293916833553586,4,10,5,99,21.58186284448977,6,0,0,90.81671994475414,70.55649438352091,0
8.461382822589263,3,6,4,85,58.24115286751956,4,3,0,89.71403586813372,68.85101835640549,0
9.245978257826597,2,8,5,75,43.66211517392986,5,1,2,91.18672065192764,58.475044787631134,0
6.248340044295929,1,9,4,100,12.519725200540618,4,0,4,60.57361406529397,34.2372218861648,0
7.447124818215702,5,1,6,56,27.918216182040673,0,1,0,74.11081362801932,46.5260950714025,0
6.106047209098011,2,3,4,88,26.198160485143323,5,2,0,74.24357372985793,59.18344537335677,0
9.938340039983235,2,7,2,51,34.38359108962107,5,0,1,94.52512436739562,52.845196103511846,0
9.720296698433067,7,6,9,99,51.30618709635893,7,3,0,64.84459146997145,85.35033996880495,1
5.197134056842529,8,7,2,59,37.0882108350651,0,0,0,96.57479466945242,48.02421878648177,0
8.527875862578442,10,8,9,89,8.38561726799996,5,0,3,72.53978681530495,63.77130638518119,0
9.62624158707833,8,6,10,42,41.04786332415703,1,0,0,83.48935015887093,63.81784282326338,0
5.902876725636668,4,3,6,82,5.454591387022212,3,1,0,63.444155613966714,53.345222349443866,0
7.839726152763147,1,2,9,96,47.89782532972162,6,1,0,70.51490534156537,60.32126060274165,0
9.57744148794021,7,7,9,89,41.66498398261831,1,2,0,85.49004660345702,78.24145821689818,1
5.169729892928994,1,1,3,43,21.98321120939223,1,2,0,75.63735709255047,38.3382396215637,0
8.4871013362342,4,3,1,56,21.084299252423367,0,2,0,96.53540058441669,51.47470810704131,0
6.486745036862754,8,4,1,89,48.90501481004681,7,2,3,86.85624829487386,52.85926577733599,0
9.621980976882652,2,1,3,76,48.08351805585413,0,0,0,78.22014627553,40.26838870267559,0
9.85529122582684,6,5,5,85,24.376629490721797,6,1,0,94.33348783261042,73.08132299293074,0
9.72133244556717,6,10,3,81,21.442125044387918,3,1,0,83.27781943943722,73.37532196116442,0
7.371071083287319,9,3,9,54,35.790363388553445,4,1,2,82.36602367102162,57.11625615802707,0
9.310213254946568,5,2,9,72,5.46011129912793,1,1,3,62.31856665738137,42.56458404501285,0
9.22274699267535,10,3,3,55,9.546687089259827,5,2,1,69.74284827641054,68.35014357807498,0
6.595502366216278,4,8,3,50,11.939327458180522,3,0,0,84.16518263020107,51.999225119939595,0
9.144577370753387,5,6,5,94,15.197649980494582,1,1,3,94.5895855741579,48.335404231804915,0
5.185038173577463,10,7,2,59,33.1609969671508,4,3,0,65.77737368224575,68.48310003291286,0
7.981349392410265,5,6,6,77,59.57330531736171,7,0,0,60.774281097149235,62.31727667334527,0
6.150044186438516,8,6,7,63,40.893737096104445,5,3,0,79.68479894079279,74.29929296833333,0
5.6028344288863945,10,3,9,100,8.371433694707298,1,0,0,53.359854905135656,57.235433266346924,0
5.384766008146046,8,8,6,93,33.906865573423296,2,0,1,85.72708507250026,56.16409081043905,0
8.4814438793907,2,7,3,55,32.31548668142274,6,0,0,85.15692716437404,56.021825386315896,0
6.699374818840331,7,7,5,69,12.929229869992723,3,3,0,67.74830154930775,69.1433312791011,0
8.623833857643808,8,6,4,73,55.61498028413242,6,1,0,94.63388266724508,72.9256440512104,0
5.326781703994712,6,5,5,40,29.242088622145292,0,1,0,75.10905707695638,47.272648696670785,0
6.576451689153052,5,10,8,63,59.70075273353569,1,3,0,82.28824753464684,69.54454290004047,0
7.697456461876686,9,8,8,63,28.103976238869034,5,1,0,60.47892409691689,77.07248329326234,1
8.953615824194818,3,5,6,48,38.43767364759851,5,2,0,70.867016758,67.63219209083118,0
6.59376251466035,10,9,1,61,10.761939504829204,3,1,0,93.12087701348841,67.83533566315275,0
8.129456882185046,4,9,8,51,29.982530309377807,3,2,2,60.64697738161714,60.938171193106285,0
9.429888741180935,9,1,8,56,18.132124170218532,6,2,3,69.52871887962344,58.88022465930847,0
8.079315940911522,6,6,2,64,50.95606392141792,5,2,3,65.9038272214065,53.53034025567723,0
6.1647973737681685,8,7,4,67,48.11557716771469,5,3,1,57.55550924323901,66.74460022073504,0
5.12200390778269,7,3,2,100,50.32989997939472,5,1,0,64.48589590637678,58.387686958825505,0
9.350494369504649,2,7,4,54,44.79851907668733,1,1,2,61.63861417876083,43.87675731362877,0
5.106347054251936,3,7,10,69,50.79757729910282,5,3,0,96.17968152306636,70.44387177332335,0
9.373508363420997,1,2,7,90,16.045581259620647,0,3,1,87.0539402271398,51.15759340863051,0
7.6446856701360595,9,7,9,66,29.86240771188909,5,1,0,65.80507908914122,77.03118452076755,1
9.695338492564481,7,1,8,61,43.05157839702825,0,3,1,88.16695266213549,57.78844696656393,0
8.993916178868327,1,5,9,49,40.05658738643242,1,3,0,51.10699765169357,58.361244463496135,0
9.989670552666688,3,9,8,100,44.39949655807479,3,2,0,76.326235538557,79.7848977708013,1
6.753559077258551,4,7,2,97,17.334211073317743,7,3,0,62.51672818673366,68.24521533037242,0
8.835941444655635,4,7,7,70,10.413908997474437,0,2,0,55.71610359042571,64.16598744087636,0
7.00965456804621,5,2,2,66,55.4243617941127,1,0,3,94.18792641692443,26.13547942835647,0
7.399378101519544,3,8,2,51,35.80945425620472,7,2,0,59.96702671312863,64.62853425125844,0
8.13752731609185,3,3,4,85,13.460425847907603,7,2,0,91.11955464731412,65.61161301531516,0
9.368385570931693,1,8,1,70,48.639012003804886,5,3,2,70.66113387458856,56.59981877430823,0
9.920417345996476,7,3,5,71,55.32114651461054,1,1,0,50.71453850203502,59.449012228520736,0
8.84136706932259,10,10,6,71,14.325993521410998,7,0,0,86.62664146505126,79.0674381177871,1
7.088833910836669,1,7,9,80,49.95768503980108,5,0,0,79.8179879109684,60.17743917602291,0
7.106785011385351,2,2,10,98,56.327378372552054,6,0,0,67.20859415839097,56.183157611252895,0
8.687911507944458,4,4,8,84,56.609888016280955,1,1,2,64.07729669631317,48.39967142179429,0
6.1938857288415115,4,6,2,74,55.278605390942566,7,0,1,53.68456261852174,46.81263114590433,0
5.5523705656569735,5,9,1,92,35.053155679805656,3,0,3,97.07127974176362,40.16663696673908,0
6.773110788203883,2,5,2,100,24.59162244896281,0,1,0,74.69924423460428,47.13808819803998,0
6.436194958270409,4,9,7,85,5.400004423170511,6,0,0,54.2762258788054,63.774948642611676,0
6.48154060227995,1,5,4,60,8.35017247793399,3,3,0,93.43398588722353,55.40503210412745,0
6.168038755249549,2,10,10,49,28.586145841356487,2,3,1,63.941658640890836,60.45595836057225,0
5.21046594818181,1,8,5,55,26.96293805153307,5,2,0,60.18013578673274,60.45256703757922,0
5.089369673667069,10,1,7,46,15.159265026343576,7,2,0,64.04687191711093,64.71692941388388,0
9.938611948680158,10,7,3,43,26.751401541741124,0,2,0,78.22857293035557,70.09331846724011,0
7.138865668679312,4,4,10,66,14.605753600045245,3,3,0,53.702824224851824,64.8030237353697,0
6.921633235798408,4,5,2,91,51.68351890267123,0,3,1,74.08784545613382,49.62911446779317,0
8.39823641346535,7,6,7,94,21.400718283157936,2,3,0,94.78717225621563,75.19561204183312,1
6.091269439325321,10,5,5,64,37.92103925870705,4,2,0,59.40857979230619,70.58207144027995,0
9.749805919751127,9,1,1,70,32.65636840994978,5,2,0,66.5594386076122,69.29219344198196,0
8.93172507207776,9,9,1,50,7.853514267669572,5,2,2,69.80609825258264,67.74079479661542,0
5.4470550115612975,5,2,9,87,56.82285457201414,1,2,0,79.31103557636226,57.95753873888495,0
7.087903878924642,10,9,5,59,33.997428803776586,7,2,0,95.96271232631557,82.49888776227901,1
9.395591537810823,1,10,1,75,22.878170386549844,5,2,0,69.72696041212127,70.81845378550284,0
9.72366011145705,1,2,7,93,13.696961329818754,5,3,0,53.45764203388818,66.23179192064053,0
7.337007556249349,6,9,9,93,23.618964909975965,3,1,2,67.39754307154962,62.99357080639597,0
8.067056946053539,2,6,1,94,6.128138166286423,6,1,0,59.50427062999224,59.48350255116493,0
5.835169730460376,8,9,10,56,24.995698544156376,5,2,2,82.58872394095516,70.42081648207211,0
9.955843130684883,9,6,4,84,34.23172600174777,5,1,0,51.46310545836661,76.19457003609273,1
6.158358506917217,4,6,3,50,52.95264352180196,7,1,2,64.59649855365367,45.83846520159697,0
9.713658870675628,5,2,5,69,42.80559297337887,2,3,1,77.25867536163099,57.56868579940295,0
8.248233244961842,8,8,7,74,11.137027222328278,6,2,0,63.86671030247771,82.19979158426061,1
8.038683974394296,3,3,8,80,13.12604784408786,2,2,0,77.54976416726271,62.0577433233176,0
7.563442555082543,5,7,2,77,28.546785230010606,7,1,0,55.73561610935916,63.8038588585611,0
6.153349058588793,3,5,7,61,15.763926340133331,0,2,0,97.14027439948111,55.01443351279121,0
5.882640160027542,10,3,1,92,6.531737767051567,0,2,0,64.54534036649434,57.571102461452426,0
6.102431045350877,3,1,7,82,49.27581840649386,5,2,0,96.15004196949417,61.27617283071206,0
5.932191310721272,3,8,8,87,6.073741388389677,5,2,1,66.29177197520727,66.71470654758201,0
8.897922367833766,7,3,2,90,50.68792828589077,1,1,0,89.09200955864938,58.15836338273683,0
6.7506262958336505,7,2,9,66,12.925717966813131,0,0,1,62.30936787306265,42.8597063003373,0
5.289213382816982,7,1,1,76,58.60731259439139,3,1,0,83.48844511948006,48.79247265432418,0
9.845513150704058,10,4,6,85,38.21306515044046,5,3,0,66.18581069113836,82.63191245891056,1
9.41892942481713,8,8,1,88,45.42406343964425,3,0,3,75.45795646048293,49.9060596554299,0
9.638761415976065,5,3,3,74,11.076599538243569,5,0,0,83.69070728818403,58.802166522485614,0
9.974539113232176,5,1,6,43,52.4157240398314,7,0,0,79.44412526014803,56.022404725759735,0
5.869476246097436,4,4,3,55,51.155578857934614,3,1,1,78.81402966418472,44.39963576358327,0
6.981210094513294,7,9,8,55,40.91460023479447,4,3,2,53.28404178288086,65.3964445033375,0
8.791192378520456,10,1,5,60,32.6251175527463,3,1,0,62.453841608579594,62.321133513126206,0
8.480103090268962,4,2,2,65,44.681904522241986,6,3,0,78.59196449282709,61.46295200545187,0
5.769479531699275,2,9,4,96,5.326051843528298,0,1,0,50.915860360786255,51.7734232436188,0
9.079165624953088,4,2,9,75,37.584241546915266,5,1,0,62.53221275579898,65.03678093441698,0
6.122202859183304,8,3,4,58,51.607337421108014,0,1,0,61.45926197155984,49.07091454415221,0
6.119088074113115,9,7,10,97,24.629493794611516,6,0,0,62.49280550804172,72.69770149855613,0
7.684872114467067,3,3,10,56,10.955914606560425,6,1,0,76.78047497833268,61.9039662924745,0
7.964699674208516,7,9,8,84,28.14824873587634,3,3,2,79.09801770095962,69.7729476141737,0
7.900431039189056,9,6,5,65,44.99074469821788,2,3,1,95.44989971864057,66.91932322558962,0
5.457434186988774,4,3,10,61,10.90156657038699,2,3,0,69.30155245131095,57.87362736478221,0
9.387304313151901,10,9,1,94,16.33267081170895,6,0,0,96.3289458571563,76.30637465174908,1
6.328000212943531,3,1,7,97,13.115351575578496,2,1,0,82.59771724920851,51.03777504036577,0
5.647574606414021,5,10,3,95,48.83212655663737,5,1,0,95.63301979502779,69.55452652903098,0
9.443740399344886,1,3,10,67,8.459094234886777,1,2,0,91.67360508400242,61.23280110830515,0
9.778257491148768,3,1,8,40,42.76225761629381,4,0,0,84.37912217038438,52.395232727175525,0
9.310638086327252,8,2,3,83,25.155130641425526,3,3,0,67.80529497594797,67.6963588646862,0
9.04758037362439,8,8,1,75,46.56851835869163,1,3,2,62.055522384260925,58.62940722785456,0
8.27620990319511,4,7,5,82,58.04108803312207,2,1,1,61.119571775601614,56.114103573863474,0
7.754286853045697,2,2,2,76,11.299991477256526,3,3,1,97.60869187281406,49.46211399971801,0
5.434933799557051,8,2,4,41,22.291177258710213,1,1,0,97.9286921564679,48.28031811256579,0
7.042266065353493,8,9,1,56,49.55689852453713,0,1,0,86.24156867621545,58.417484804755546,0
6.86344258506157,10,6,9,79,19.638711232814707,2,2,0,94.18979920382387,77.19618434769929,1
6.298768918801631,4,5,6,77,16.83163283753225,7,0,1,95.94980815395303,52.205292889790435,0
8.617100568442925,3,10,8,60,50.395788782793446,1,1,0,75.5778098259656,64.75062276650961,0
7.479378675393854,2,6,4,100,59.289530020328364,7,1,0,81.45298453125861,63.190954291948046,0
5.40523107953824,9,9,9,48,35.62843245813812,5,1,0,70.93772489601074,73.84984042513369,0
6.1009160097490565,1,7,2,52,20.292681158333657,0,2,0,70.92453821426315,47.31374624232766,0
8.41629381829798,7,10,9,50,26.921127888002967,2,1,0,51.92144593223073,71.50385256127106,0
5.380654297451501,5,10,5,100,14.357168006098496,4,0,0,71.69107302424027,62.995644469594744,0
9.256034570243845,8,9,6,55,46.90380033899139,6,0,0,83.67449057565916,73.36399333607436,0
7.475732635069871,4,4,3,55,47.541070980252236,2,3,0,71.09910830532856,55.79623230042755,0
7.40293288663324,7,2,4,98,53.13165458103719,7,0,0,93.62048384384782,59.775673647851434,0
7.9620389232975874,5,8,6,41,6.4631409978110135,5,3,0,66.62814762035092,72.47945813432918,0
9.123404829625745,5,4,7,81,35.908973789450854,4,0,1,56.634102328042474,55.451068184898546,0
6.739046039510965,9,9,1,83,16.78404888887514,4,3,0,90.57793453645297,76.11261979562587,1
8.390080762795318,9,4,7,47,23.74856585207964,4,1,0,83.6973959164296,68.59476981201277,0
7.828659819978956,9,8,1,82,48.17255884075791,3,2,0,62.09097411602909,73.11775615343092,0
6.335141350847106,6,9,5,81,15.56185087988229,3,2,3,76.82256280211165,55.90674825452609,0
9.39314993177579,6,9,6,52,40.10879628195993,7,2,0,70.09261692968963,79.99045337898532,1
8.987130108034641,5,10,2,96,41.0011405172979,6,1,0,96.94298882178289,75.70674700753518,1
8.292259173292127,9,4,10,56,57.475165319626534,4,2,0,80.36660454603145,77.58194586724825,1
9.252908645471209,10,1,9,78,47.633851069091534,6,0,0,57.91946305934958,68.10714783569463,0
9.336471004799012,8,3,10,63,49.19993309345314,0,3,0,75.10742263184926,68.66138225388474,0
8.541814883575174,7,9,6,42,34.23804119598414,4,1,0,93.12784162619253,72.56844405101052,0
9.18506664181836,7,4,7,69,15.272944393930386,1,2,3,83.57483350162309,52.577763114439854,0
8.487357308346418,6,5,10,91,28.40598511450934,4,0,2,92.12260380493282,58.085099796778394,0
8.400703858801503,5,7,8,52,35.22192654315012,7,0,3,62.51996569328202,48.55516421291276,0
8.093056891075921,4,5,10,58,42.31305884425418,3,1,0,94.41756885237709,64.42841286817969,0
8.763583197788206,3,4,1,46,38.424001150756,3,1,2,87.78056659120861,41.06967865803878,0
5.793025526465368,3,2,8,48,26.668780590448396,1,2,0,86.44568777190393,50.745616254237824,0
9.404353795994641,6,2,4,58,19.59222088477128,1,3,0,67.32705348817622,58.92111606989273,0
9.359217638726161,4,4,10,84,14.25269637620257,2,2,1,94.3829031880264,66.14482151247752,0
5.146236415172796,6,10,8,93,43.16149624497465,0,2,0,81.89896886966082,69.14465397245118,0
9.129083752823814,3,10,6,79,40.49692708718668,0,1,0,92.59197384314012,64.51343810295225,0
5.644349337367226,4,9,9,61,42.80548561667936,7,2,0,68.04857279931359,72.93802875231593,0
6.67559427129571,9,8,4,57,25.48900990415372,7,2,0,57.28260455321782,75.17401975816033,1
8.71754128145804,5,3,2,100,19.432430241390975,7,3,2,66.61685901101612,57.64834264575461,0
5.803799480241541,7,9,2,62,46.7846730774509,7,0,0,72.76321736875913,60.46922087254847,0
9.08983512059531,10,5,5,41,47.55060672804338,7,0,0,76.67036875727462,66.96125124110985,0
9.16067088978871,2,3,10,89,30.058900568176234,7,3,0,75.54046078557687,72.10354191458553,0
7.537338668804181,5,5,9,89,38.65472466220283,0,0,2,77.30272962182822,44.04190928284187,0
5.031929358584168,9,10,3,50,25.543581532745765,5,2,0,92.08528826114738,74.9138138212902,0
6.435190665874564,3,4,8,70,43.607096006589366,3,3,0,58.505062309408494,60.31119415496795,0
8.08463459187871,9,8,4,72,50.96468781563292,0,3,2,65.80256475844354,59.11515518071538,0
9.905930890137117,6,5,6,53,42.852830253460716,7,1,0,94.43042452177258,70.87724526985565,0
8.159067635083343,4,10,10,55,33.19204447659251,2,0,0,78.02291022791651,63.91503240164476,0
6.299017905320799,7,8,6,50,30.22618777208037,2,1,1,79.1694935184786,56.90158998585845,0
8.170028515498057,8,9,3,72,40.32758080366594,0,2,0,73.9031272306976,69.19496146582212,0
7.699926898579277,6,4,5,46,42.389599038073165,1,3,1,77.44873174930696,53.549779352235696,0
8.899226975755719,5,7,3,70,35.73011939384965,2,2,0,59.90398652800506,66.09858239780178,0
5.534903194134792,6,2,1,100,39.37182513090672,6,0,2,77.34334497090641,39.933656459805164,0
8.80513951251014,5,6,7,87,10.312377537199271,1,1,3,99.85865639555584,49.26653878399797,0
7.7063328933805515,8,8,4,85,57.34710338782797,6,0,0,78.3023786462092,69.29240496744374,0
9.814960019294972,1,7,7,86,48.49251850526187,3,2,0,52.220123280301515,69.30623810800527,0
6.709360830193431,7,7,3,53,25.56603283387311,5,1,4,89.82178221753298,44.43137975922475,0
8.163109465669741,10,8,5,67,35.95469360244965,2,0,0,69.82377143616938,65.8077973717347,0
9.660140527550087,10,7,5,92,7.602849157503174,1,2,0,57.68380742507809,77.79418044879378,1
5.512548639953396,2,5,2,82,7.267529769948322,7,0,0,93.12599031133456,48.822522942603705,0
9.686142436182255,9,7,10,55,18.79390843115795,6,3,1,59.89866277674838,80.91286106442308,1
8.439428611504066,1,10,2,58,42.93359033005428,0,1,1,96.03836949292666,48.400816523846814,0
5.339185295525859,10,3,4,56,51.86812612900064,6,1,0,72.08982452213027,61.45564401806129,0
6.504817834734081,6,5,4,98,35.75522339889166,6,1,0,87.13954173748499,65.96485553299202,0
8.540860443226407,9,7,4,65,34.26730067702938,3,3,2,77.34979251692603,64.68337948663066,0
5.336753007343859,1,9,6,45,27.127024358530626,4,1,1,62.83134019576139,49.80534002576398,0
7.910852300881366,4,2,2,82,13.887887577691165,4,3,0,83.55450872479594,60.20992635579214,0
6.729415284764784,4,4,6,88,11.509475572962314,0,1,4,97.89562754450739,31.74064415447888,0
8.104577588837385,9,7,7,48,46.83738686715313,3,0,1,88.48184833957063,60.45605009963505,0
5.228710169062564,5,1,10,89,56.012695321311654,3,0,0,80.2008998287589,50.913121399540074,0
9.357684030761881,5,2,3,56,30.20557690124502,7,0,1,99.53140541329283,50.30730350756675,0
9.867444845886984,6,9,8,70,41.2695112293601,3,0,0,63.26633336713424,69.89284880013756,0
9.844389276428458,1,10,2,51,55.295170798451764,3,3,0,53.11707439547237,65.2048760764532,0
8.748259158714625,1,7,8,62,9.95624981137795,4,2,0,51.606543305796556,67.65983735023062,0
5.65043120065316,9,10,5,93,47.37647992154664,1,2,1,85.53439397793991,68.81850747389822,0
8.791315979645113,3,7,2,93,38.92492864065663,3,0,3,91.51161823670853,41.53496091697436,0
5.1229345822940076,4,6,7,44,37.925044835642375,1,2,0,81.75502687422633,55.50907421926246,0
5.110617757644986,1,3,2,82,21.089723566486338,6,2,0,95.25132987215991,53.87768632515576,0
6.618051095747706,9,10,6,75,42.614134512772225,6,1,0,84.89880236699602,78.40109716825812,1
7.443215952023329,8,3,10,98,48.71387651514271,3,3,1,68.54773232045102,69.06717738954653,0
8.852037089038966,2,2,3,75,11.207199071903343,2,0,1,59.062914581494084,38.0602314812133,0
8.416476883032527,8,6,9,42,34.34367870395411,5,2,0,96.23237392795781,79.83639206575047,1
7.229513531883741,7,4,3,97,10.569584954307532,2,2,0,55.179857499873975,63.59791572501178,0
6.3681333314083295,6,5,3,63,52.99157106137045,6,0,0,77.14942018732027,55.151302812823864,0
9.985622500788555,1,3,5,94,32.9200197460991,5,1,0,65.70039626367559,61.743436647116724,0
7.130906511179864,7,6,7,96,49.438112909341655,2,0,0,63.57075037598362,60.56879004332517,0
7.256935121648377,10,3,8,56,25.244710071641784,3,1,2,82.29174259584482,55.50363934009368,0
5.8181191059583455,7,8,7,78,11.879302474897898,1,2,0,61.561846869551815,67.38350584778345,0
8.974047743749647,9,9,9,65,7.2824617412141315,5,3,0,95.81825533711978,89.7252718466898,1
8.468411128907443,1,4,5,43,20.483029142480653,4,1,0,70.3021954549562,52.89677055848705,0
6.103848063943802,2,9,10,94,18.43285352002432,0,1,0,83.86876733648396,60.316983678644,0
5.411905228079213,9,7,3,84,35.8193585710979,5,0,0,86.38778586642923,63.729683946820934,0
8.402496510373565,9,3,6,51,6.1956360935039045,5,2,0,84.14708473126652,73.80247079716891,0
8.272556071405676,6,7,5,40,33.631379936454536,4,3,0,95.17001204465117,71.37222394215148,0
6.366297634991047,6,1,4,60,26.547445810660175,3,0,1,61.556543180299904,39.27412887262851,0
9.75431781125205,4,3,2,58,36.741724845294314,2,0,0,54.30272723430506,46.867128404441424,0
5.755289458904501,4,6,7,60,43.632964048270054,2,3,1,52.77328486325247,53.84130859049644,0
7.16167400521301,5,4,5,91,39.87505697939115,6,2,0,93.89220752375124,70.12416672275114,0
9.718079600837994,3,7,4,57,59.155440315535145,1,3,0,98.66435249695911,64.28355455423574,0
7.098636584630611,1,3,8,82,12.604593913227909,3,0,0,65.12632706023564,48.056410023445274,0
8.192629738320427,1,1,9,91,28.63553549113782,4,0,3,84.67569617874847,36.546362405871875,0
6.987971989813971,7,9,9,42,28.365690515382113,3,1,0,50.445639208587444,68.10339572637612,0
6.37107601174335,1,6,3,100,27.937926203660634,3,3,0,59.43157550579939,58.11971663029123,0
9.91988823979914,1,8,3,88,41.50891156234676,2,3,2,84.46371912308072,56.17153940605507,0
7.046670031575215,3,3,5,83,31.940543330069737,4,3,0,53.294356965761644,60.061113590987915,0
9.470496018395671,10,8,5,71,33.45879078971297,7,0,1,73.42550249599122,70.22343911746412,0
6.149773029455431,4,2,10,49,28.77957956807206,0,2,0,83.12916321869744,53.006320231416574,0
6.065523520125416,4,4,2,79,59.54347035602094,5,0,0,88.29790856527586,50.99572891422592,0
5.1556704144225565,2,3,1,54,56.015874185047316,2,1,0,72.69079568621852,38.785137487532666,0
8.258334126879426,1,10,8,44,21.924830415040404,4,0,2,81.51420197481715,49.99197721315758,0
6.842631718618806,3,1,3,43,11.137665862166696,1,0,0,76.97878147810306,34.56231843278186,0
9.321791249198185,4,7,1,97,51.18705982212316,5,0,0,52.615288604166054,61.55194413537334,0
7.366049533457786,3,10,1,67,59.84436382841484,5,1,0,87.14023436299232,64.51485345796335,0
9.840967139573609,8,2,2,92,21.093489172180504,7,3,0,58.61809579426875,72.43456744090595,0
5.927627578515605,10,4,6,91,24.678170921297145,7,2,1,51.590276561692065,68.9839673527535,0
9.343115839778054,1,9,6,90,56.78982498168616,2,2,0,72.55839581441862,69.80436996871268,0
8.882984263958708,2,6,3,92,44.11212349016994,6,1,0,93.28187936407551,64.87374999591704,0
8.85460922322026,7,8,4,43,21.260108247879987,1,3,0,57.54147188305143,66.7224126743085,0
9.22391614058444,4,2,2,54,36.957557020615326,2,3,0,50.64287670584875,54.084185385748754,0
8.805119954714995,8,7,2,56,56.93262686503409,3,1,0,55.498961788270854,64.72125052509845,0
8.131101608157078,3,6,7,83,49.649720882017824,6,0,0,68.18295571658034,61.54879052857177,0
5.656224388411938,6,9,1,42,45.800799255076285,4,3,1,79.0085934995652,58.90829310716015,0
5.16263089745626,9,7,7,49,45.53479714498623,7,2,3,59.65060669929463,57.06083382092342,0
9.604239239078435,1,1,1,86,14.791117836074868,1,1,0,90.09820025112853,45.59304051654032,0
8.08325157260369,1,8,6,81,50.3574681575365,5,2,1,87.6648560274541,66.47341678587378,0
8.98268645488088,8,10,3,95,20.186524784390198,2,0,0,84.79318082993495,69.16319152764054,0
7.4076117575627505,3,3,8,62,56.170166184584126,7,1,0,74.3734904157772,59.71989266938355,0
5.586540944811972,5,2,6,57,25.055199505758065,5,2,0,68.26084775669926,59.77486766048307,0
5.625928961012752,1,3,2,40,52.17132183732411,1,2,0,68.77933104824054,40.72718365730267,0
8.427826436144857,5,6,8,74,19.64284219847908,7,0,0,75.15352674778666,65.8035044312411,0
7.1515294744973135,6,3,5,92,33.298981512023225,7,1,2,53.865734344132726,52.31194280652765,0
6.002623633501684,8,10,8,97,10.878691251898331,5,3,3,84.11527314335305,69.38001149912739,0
7.457972733707185,3,5,8,70,41.306539664789575,2,3,0,67.5753772004651,62.415488765723815,0
5.3210446853756705,3,6,6,98,50.98436013417611,6,2,0,61.23793889693443,66.31998559536639,0
7.909857009571994,10,8,2,83,44.51460047163288,2,0,3,63.91635352493195,47.700559679358506,0
6.344967022175489,9,7,8,40,33.77921821162615,0,2,0,59.01471426431089,64.88491553428055,0
8.987795503185941,4,8,6,42,7.4813733230802715,7,0,0,95.07840427638942,64.13632760020143,0
6.551809794617869,4,3,6,42,56.33925539439721,5,3,0,58.451875818127554,59.71180355804433,0
7.276100745409006,7,4,8,76,43.801925171824905,0,2,0,94.14630594474313,64.58896504005807,0
5.058102699540504,2,6,1,58,46.02253311009331,6,2,0,78.61216979842257,55.62822514631803,0
5.362234438972794,8,7,2,68,48.707431653094396,0,0,2,93.372547769443,38.6243118593871,0
6.962467782033424,6,9,9,64,46.125888426018584,5,1,2,73.7032108452756,63.694838006663815,0
7.399694173585617,3,1,8,72,29.261389025408352,1,0,0,96.38168597405368,45.07207646934096,0
8.000102740596517,9,8,7,75,45.34920061083707,3,1,1,60.57453718041751,68.45150772654097,0
6.458312893546516,5,8,7,100,39.37647332956809,6,3,0,77.73458764236372,77.16142649390656,1
8.474909430632714,8,6,5,68,51.970898351783255,2,2,0,56.29193452568346,70.06780588163116,0
9.300611985946023,7,4,2,97,49.13528984355538,4,2,1,72.36101426011822,66.75713124726103,0
8.89925494446675,8,3,6,65,7.275591035699294,6,0,0,78.49518483234212,63.91923066373747,0
5.198094126741786,7,3,10,43,25.838789968293288,0,0,0,80.28376110865861,46.01092243043842,0
7.4025347362891445,3,6,3,88,6.909388370114201,1,3,0,68.27643984536395,58.440938384048934,0
5.524650892090874,2,8,4,53,10.614120862135385,5,3,3,53.81678210832264,45.305411462734604,0
6.210225079312638,7,7,10,89,38.07758971019862,1,1,2,82.76630356913263,56.27238456534936,0
9.933312966335732,3,1,2,66,53.06020016392394,1,3,1,74.4215930226639,47.56600587768912,0
5.712477714507566,3,6,2,72,11.590361729009697,5,3,0,56.843943331862846,59.96542378485081,0
7.49444076725678,2,7,8,61,29.809910810675735,4,3,1,96.79379847030498,63.609022587398755,0
8.090778671590595,4,7,8,87,55.09833976435441,5,3,0,97.78343310917217,78.17971473541033,1
8.51232485272052,8,9,10,42,49.78655410193733,4,1,3,92.83031399156845,62.490700426336275,0
7.798243417434571,1,10,6,62,33.58173430562614,5,3,0,92.19341502587987,72.5327974591191,0
5.048854237095918,1,5,5,60,47.436429163085705,0,1,0,54.933563793402804,39.83619648827577,0
6.632306541219959,5,1,8,80,33.748157572449536,4,0,0,99.67100547912838,53.94543511199614,0
7.588558216923557,5,2,4,62,13.695078550556682,0,2,1,70.01903399318658,46.7137559300068,0
5.439332495724167,1,4,4,43,11.86048622719235,6,0,1,58.15605579335568,36.40680819064854,0
6.753134656045904,6,5,5,60,15.360252763688838,4,3,0,90.60508641086105,66.88055119224721,0
5.166015543956833,1,9,1,76,24.300715223112373,4,2,0,61.28653842315289,57.89090316744348,0
5.3928924857751035,5,1,1,82,56.179109722071026,5,3,1,76.30876603347957,50.31707712970967,0
6.98461638100798,9,3,2,70,48.982312750948076,4,3,0,56.40080326017181,65.04133992107847,0
5.6635787702153015,5,5,8,60,28.804085867447462,0,0,1,73.73228616379443,41.067128261705605,0
7.83770424130779,6,3,7,65,32.11921903831657,7,3,3,77.90707467014711,54.285012859076765,0
8.447324845686328,8,4,10,80,19.608520171652817,6,0,0,72.29619799756713,70.00995746447475,0
9.002933495545413,1,3,9,97,43.73941260596716,7,3,0,53.47434123763265,68.82061479260258,0
6.00075122122405,2,4,5,74,49.15211193041209,5,1,0,74.24695152913816,54.856684230426325,0
5.837412911295349,9,1,2,77,18.13975826171671,2,2,0,73.4471421720408,56.89177150651867,0
5.522839201672001,3,8,7,63,7.300189308255595,6,0,0,63.08101386453369,56.841820101653354,0
8.182151247718183,6,4,8,50,39.31389187396337,7,0,1,96.08007998287182,57.01926999429469,0
8.532378632434506,5,7,7,80,35.93816655244241,6,2,0,70.88961663491281,77.48340852275227,1
5.15793072412821,2,2,7,68,27.117213526588202,7,0,0,93.20578980981927,47.13279046183935,0
9.68106123121845,7,2,5,86,40.414166797526555,0,2,0,55.483191481672094,62.35398109107422,0
5.259856418257362,4,6,2,94,35.2837313891829,7,1,0,65.94386421030907,58.12305899687388,0
7.706481676505352,1,2,6,99,18.781986712680602,6,3,3,58.816542688402,46.05662156571664,0
8.545302597254583,4,6,4,42,26.87509365924973,2,1,0,70.42053939240962,55.59119175171542,0
9.354845618730428,6,2,10,40,28.546246336098292,1,3,0,55.58183435854393,62.619771531987425,0
8.570434660662139,7,4,2,91,53.413639696156004,5,2,2,72.05174029228102,61.414164564145615,0
9.00864041534896,7,7,9,100,57.84972847709277,1,1,0,67.69353717241182,72.00206072559845,0
6.69725096271403,7,8,7,93,54.11507493180734,5,3,0,61.165752363700264,79.21346267748744,1
9.074125568732562,3,3,6,58,44.554791322858875,6,2,0,82.10897059751575,66.37231543930622,0
5.400574231923375,6,9,5,85,37.1746003483202,5,3,2,97.5455744073916,64.9246601939119,0
9.474083280302638,8,2,3,88,42.90938995062752,7,0,0,60.355673677479345,61.858894994188674,0
7.737961880768681,4,8,10,61,56.65100714029789,0,0,2,85.58954199492251,46.16357985398262,0
9.086488849812469,8,8,10,53,18.749930437310745,2,2,1,87.11904446283714,74.55676833975453,0
7.261591422591501,2,4,4,88,34.431627922037265,5,3,0,74.90602582129313,63.22998330131332,0
8.217888475982624,10,1,3,96,42.92844104502244,2,0,0,94.88341730502836,57.13678717601754,0
7.632013304680566,9,1,8,98,42.358585072835105,5,1,0,98.31950330324202,71.5578966047613,0
8.65794760877666,9,2,3,53,18.875342776726004,2,3,0,68.11232260269247,62.65422247125046,0
5.4081499101529475,8,9,7,83,37.270234006436354,1,3,1,82.55166490015938,66.04619270033038,0
5.301760419952819,10,2,7,55,48.7752228331086,0,0,0,83.11063089500561,47.64110777332202,0
6.235516170050732,10,2,7,72,31.129343902763413,5,0,0,70.18177631262523,61.24223279550813,0
5.797723400565942,1,6,7,52,48.63139421843042,3,2,1,65.8395537247307,51.14465735512466,0
9.358917832961009,2,7,2,77,24.793542876500513,2,3,0,96.68720991139068,63.94968016999112,0
6.096069936790221,6,7,10,88,56.63180699400674,2,1,0,89.49907746563376,67.33378289143383,0
9.879326279095658,10,9,3,51,34.36606422745056,7,0,0,55.72322829872721,72.78401470855546,0
6.684478958855534,5,6,10,94,37.77713729359379,3,3,0,55.99420357924435,71.65122957544557,0
5.9105895784434965,9,8,9,90,6.724886284252362,0,0,3,96.12713844264132,47.502669556862166,0
8.948492535712395,5,6,3,77,14.364802542072685,2,2,0,54.07048825134622,65.05316787788644,0
8.29353887750438,2,2,2,78,39.81136342590746,0,3,0,84.4210673121583,49.06119065328071,0
7.490978582265695,10,1,9,72,28.092870448024918,2,3,0,61.33791234722059,68.15668713883413,0
7.776817754688157,4,5,10,72,32.949008475199605,6,2,0,51.75926713708093,72.46484091182144,0
8.596008891361318,9,9,9,68,8.463427480353523,4,1,0,52.98187730400451,79.62222278728723,1
6.142273706656494,1,8,4,44,50.877438112571134,6,0,0,68.67610518397811,50.12458176053883,0
9.98166958028371,1,4,9,45,48.14780812629195,2,2,2,53.87942258446823,50.165589778727195,0
9.873965810733916,7,5,3,70,15.194468664701724,4,3,1,79.83195999667271,68.14687328558048,0
8.251628431734684,3,5,7,55,39.88811464915587,5,2,0,82.36272556870378,68.54883488621533,0
5.997712254645726,10,6,7,70,50.007336640984946,0,3,0,68.67342859915244,66.76746940973587,0
8.401141212156457,2,3,8,64,40.246977502857995,2,2,0,87.14390378591753,60.06260801432505,0
5.360992044895879,9,5,10,87,22.071895241271466,7,1,0,74.50212600847887,72.78641093706916,0
5.15326251102903,3,2,4,85,41.086113276299194,1,3,0,71.5114251701041,48.29694345322449,0
6.288414442556069,2,10,3,72,16.575396122576674,7,2,0,70.34940443950626,67.67820958640785,0
7.313114783696582,8,1,3,52,22.504024850368147,1,1,0,71.55532436727687,49.37262714290212,0
9.341362527041902,10,1,5,91,18.203830920894823,3,1,0,98.39438249672094,68.63415176728405,0
8.635845348831541,6,10,1,49,35.63088063146136,1,0,1,84.07035300192189,50.921271945009664,0
8.713532605999905,6,7,10,63,10.952465572105172,4,3,0,65.760492358055,78.43693666305533,1
7.127466672240377,10,2,3,49,56.332070919158625,1,0,1,86.69299351027826,43.67324528420492,0
6.729674962734815,7,4,6,80,23.343179451457672,1,1,0,66.51336941614579,57.14212462765992,0
6.855193814923013,7,5,3,70,17.04335699081907,1,0,0,56.28574538923381,48.97334199927128,0
9.938247818680289,6,7,5,52,32.31023974810072,2,0,1,73.76801787278245,55.015680558947054,0
5.200545957062412,4,2,9,42,20.23488001500938,3,2,0,87.5511929569207,55.76700164417986,0
9.335157480612242,9,6,2,98,34.419724751045436,0,0,2,68.88299554436605,48.85733130362399,0
7.893377042861967,6,1,2,89,24.168003238014702,3,1,0,93.45870710236714,55.64177835878136,0
7.193077095947952,4,7,6,91,12.263674592297244,7,0,0,69.34763520438798,62.58266942327927,0
8.626288302075682,3,9,6,73,19.62423831149941,4,3,0,67.49195127533659,73.60755175570335,0
7.433344707123514,4,5,8,88,29.11419147288389,2,2,0,99.91219569316334,67.53926231463706,0
9.367116190408304,3,5,2,67,6.666127456379409,5,1,1,74.12360114950327,55.93727625083345,0
9.503509320056292,2,4,9,58,47.38533898581191,2,0,1,90.2610604856753,48.75797017304879,0
7.108604634367277,5,3,2,62,39.20035105247287,6,3,1,90.24940280299612,56.76808358829932,0
6.384138986175258,2,9,1,84,38.074778400309484,1,1,0,96.31846685495897,53.14126454220891,0
7.961751642966811,6,5,10,71,35.032746253552126,7,0,0,54.24475272251518,65.51130623374671,0
9.561816728083455,3,8,2,52,37.467224477878766,1,2,0,63.561013821342115,61.0544043655095,0
6.053310945028333,6,9,7,72,56.40585739889713,4,0,0,88.38740457732169,64.4484127567608,0
8.114832917817413,10,5,8,73,5.471306594590738,5,1,3,78.13007461992825,60.985441649085516,0
8.157801100462603,9,10,5,72,7.628984031176209,7,1,0,77.9807471177267,79.9101469019069,1
8.665565112076404,1,9,6,95,15.532137546194129,6,1,0,58.31076509351204,69.20701945139834,0
5.6578384256362995,6,2,1,44,14.201575899623254,2,3,0,64.05765070569649,48.33532567006044,0
8.579124823410442,9,9,6,95,14.965695270805046,5,0,2,76.06670428583672,66.80166827485549,0
9.545162603328205,4,4,8,42,41.95691372167576,0,0,2,63.85906823373106,38.40345117720313,0
5.898415544351209,2,6,3,100,30.27158155775909,3,0,0,60.51413963493575,48.23425060047285,0
6.187716624619388,4,6,1,99,59.547838308408124,2,2,0,54.387802788499805,57.8892877775408,0
9.856975470208198,1,6,4,46,17.478725314161967,5,3,0,57.78630059616728,64.95080628444711,0
5.904884763547448,3,2,1,63,22.095655556512206,0,3,0,88.44338812459864,43.19151466665772,0
9.271925466847897,10,7,8,61,59.133239424090696,0,2,4,85.93895902923578,55.200840931744835,0
7.461389282240174,9,6,5,84,50.74669774412358,6,3,0,52.29168421743558,77.3024871319496,1
6.236155372015885,10,1,1,100,30.8389571373193,6,2,0,60.16420426720555,66.29528521830743,0
9.353749506362558,5,2,8,62,35.50282870502944,3,1,0,78.02276733663581,61.37751303111254,0
7.2265262750133274,6,7,9,69,51.37478563590623,0,1,0,66.13139221183866,61.22065490591431,0
7.574086769648451,3,1,10,99,31.453913532548043,7,3,1,91.16248013397652,63.796102679995506,0
6.796166846998828,5,1,2,57,16.33130479701464,4,1,0,89.24946538310735,50.26821785595056,0
7.964754257174637,8,1,9,71,50.5644496204912,0,1,0,94.57902789790548,58.16679990446795,0
5.817619362925114,6,8,8,95,34.57748702016039,5,1,3,78.14656157525579,56.88691242590844,0
6.955407683258803,4,4,7,92,13.417342844010172,6,0,0,67.60382399045493,58.41158585898986,0
9.847061611676438,2,4,3,46,32.80722071514187,4,1,1,80.3032348092459,50.85187890927912,0
6.2906671635056375,9,2,2,72,27.726185932827235,7,0,0,54.45683398727289,53.68860634355255,0
8.28368332270646,1,1,7,44,53.22633925349669,6,2,0,50.47930088707338,56.306664936596405,0
6.625950321123474,1,10,5,88,11.933048724838688,7,2,0,50.85467600601777,69.57329941320826,0
8.867365628433003,4,9,6,67,53.136539244641405,6,2,0,70.37714689671081,77.31956694915954,1
5.654368303591749,7,7,4,100,33.171605924565654,6,2,0,61.403879705153166,73.03045325520122,0
9.849105225392723,1,4,2,47,27.24004364896312,0,2,0,57.86688529000239,49.254268121353235,0
7.268947706918196,9,6,9,54,13.908195142161718,1,1,0,80.76630078090852,65.76443205566508,0
6.18025231673232,4,2,3,91,43.54498794512737,0,1,0,99.75475213065906,45.734991831576416,0
5.367483736650064,3,7,7,43,55.974369001052224,6,1,0,58.88766018077682,57.87300050772524,0
5.848789525437704,1,2,8,73,25.64575446446259,4,2,2,77.32107121069694,45.645929064642374,0
7.598869742780089,10,10,2,44,18.28717503689584,0,2,0,55.98637569999469,67.78637712690518,0
6.685015882156431,4,8,6,72,35.51768043495363,6,0,0,96.71182205360695,62.532234596834954,0
9.144416829413046,9,8,8,96,48.790227163862866,6,3,1,64.58775842852926,83.80865429500268,1
7.1544376183090295,10,1,7,44,5.2072232002793175,0,1,0,93.91699100216891,54.63655240708053,0
6.24357136293815,6,8,3,77,39.72575900174861,0,3,0,64.15382196251885,60.41561455158131,0
8.08572493302015,6,2,1,73,37.808380038424694,4,2,0,90.30262400933597,62.09113796474431,0
8.533886084427229,1,6,6,97,22.498370219228804,7,2,0,60.46906667228863,69.78023737101988,0
5.835209539504749,10,1,8,65,29.828265198273368,0,2,0,64.63947150767223,58.84462384672959,0
5.838096081441588,2,5,6,40,18.58297732890015,3,3,3,59.6237682701817,38.0604006067287,0
5.183357134667715,6,7,5,43,48.443715587351356,5,0,1,63.212993892482785,49.81827785679955,0
8.682010075328202,2,10,8,78,39.89942133513592,3,2,0,91.74328776666576,75.52756267262073,1
8.319022638109026,3,1,2,93,34.29913921214419,4,0,0,81.95162487733487,48.4585542316682,0
7.373154378749069,4,2,1,65,26.588940912980497,1,0,0,70.2939834418612,38.69579782062232,0
9.220852244845986,5,7,1,72,21.02614123114027,3,1,2,98.57605135410782,53.23211269199722,0
9.028350764750266,9,6,4,72,50.25050673238873,7,3,0,73.2430763564787,79.38826878665733,1
7.926771821983761,4,3,6,47,29.827421873846294,6,2,0,98.48799856294258,65.23994060222596,0
9.341356402566294,9,10,9,59,32.579608091292,5,0,0,59.82934614554301,79.02545274990499,1
6.029206050183841,10,2,1,55,33.64558017974079,2,3,0,95.23192135574746,58.23158754542638,0
5.55959809698864,3,10,1,60,29.660181448736704,5,3,0,50.69111020487473,63.31973863602213,0
6.348748057584948,8,4,5,84,19.084863443113306,3,2,0,77.26516011828787,67.32710960114136,0
5.285434280446574,1,3,10,94,11.61872421336786,2,1,2,71.15261971460075,40.55631531223492,0
7.65584764000516,9,7,5,95,10.419549694225738,4,1,0,76.25439227359897,74.34148936177924,0
9.683028461474807,9,8,5,65,46.660438783737874,7,0,0,77.67224159738495,73.94702000296722,0
5.196717703342548,10,2,10,62,17.294030226583125,5,1,1,69.45156770338555,61.122119780899354,0
5.610549570050134,2,10,6,57,8.062004822468657,1,1,0,99.90989234430475,55.70167763927948,0
7.260995141417176,4,7,8,70,48.86345736827373,2,1,0,98.8253595150313,63.11921921956413,0
9.669375087639525,8,8,3,91,13.47339090733564,2,3,0,98.08726883522976,78.25590907056898,1
6.580780524883752,7,6,9,81,39.38303504533447,5,2,0,98.9542523688294,78.64134070337786,1
7.536174043441962,1,6,1,51,23.625379929632476,3,3,0,89.65061993846993,54.89987271979728,0
5.2078642952519605,5,10,4,40,11.956414118022021,2,3,1,99.4295239513166,57.77600504007342,0
5.741716004810444,7,1,9,81,27.796453858989793,4,2,3,94.6180112637571,50.85719218190393,0
9.933150614794235,4,4,8,48,5.814487362294383,5,3,0,70.79663185162106,71.79592928649423,0
9.825593482180228,1,1,10,42,51.25747403819082,4,0,0,89.23885541917039,51.908557616125236,0
5.024699904672048,9,4,9,99,33.242387873802144,5,0,0,95.6033922562813,66.55744149700858,0
9.759058927116195,5,2,1,90,12.653800599937899,4,3,0,85.63030367935463,65.57856109284224,0
8.195599689077502,2,5,9,65,18.033917511394158,3,1,0,71.1391170282802,59.945426557441074,0
9.33959147260011,8,10,3,48,29.638635567618966,5,3,0,53.28951210082126,80.15121952656978,1
7.273699278169295,2,9,10,81,15.387816054855175,7,1,0,90.48484685302938,72.28593778841059,0
7.577980142896251,3,10,9,90,19.772953882559722,6,3,0,97.63714365632352,81.6187552301144,1
7.444232901284601,10,3,1,55,34.39120603293948,1,0,0,68.12316301149632,48.73118310857265,0
8.334321287730521,1,8,1,63,50.793495717111206,3,1,0,57.595302549446984,54.05095547677199,0
5.698256273781564,2,3,9,89,27.101182712945644,4,0,0,66.32519197352778,50.645023311831075,0
5.14986794936339,7,6,6,53,44.43364004544516,7,3,4,79.13111790891232,47.42767557281305,0
6.539649707955954,10,4,4,100,53.21763174033566,5,2,0,65.84645016411181,75.12802307801842,1
8.523403813683235,2,8,7,42,16.89655171628891,3,1,2,80.53093650981769,50.81405731879721,0
6.009267260614742,6,6,5,73,49.395558372118806,4,1,2,98.34261161223154,52.87964747562216,0
8.367162166624587,3,8,10,72,46.65712090820651,0,3,1,83.53672466538413,62.74859007001935,0
9.849560230536351,4,1,7,89,24.631551387147425,0,3,0,68.13296831428109,59.47975671240712,0
5.469503578947092,8,6,8,63,59.423597772547694,2,1,3,96.78764857357675,47.45093640691896,0
8.363010591125631,3,1,8,48,19.441480428977634,1,2,0,78.2817634350572,54.14748353053065,0
7.218751096522856,10,1,1,52,19.014179631743254,0,3,0,56.41861992662833,52.58782440987066,0
9.340711271887526,6,8,8,41,47.474254055925876,6,3,0,74.94905025968808,79.50407900711522,1
5.885748947236929,1,7,6,46,28.906152492809632,4,3,0,82.6818222455025,59.47956737552524,0
8.463129761130823,7,3,4,87,23.19372471295738,3,2,0,91.91271829083692,68.65462677558263,0
9.190576448240552,8,6,8,60,14.826454293650663,5,1,0,96.82383933538236,77.0761524876318,1
9.723071097370116,8,9,3,58,47.093283701399926,3,0,0,65.87080668581926,66.35756055687494,0
8.41624014144823,3,7,4,64,48.247699337484235,2,3,0,57.77561820395184,62.23290651904636,0
7.485873820042137,10,3,6,86,36.161020177657726,7,2,0,53.69143210969412,75.53296762691473,1
8.08923620100607,1,6,7,61,57.65224872552551,3,1,0,86.91773013541413,58.025640956613536,0
9.34452492239359,9,4,4,50,22.498979873245982,0,1,4,89.75791263577159,38.60731102797448,0
7.853048733194148,6,3,4,72,17.079047501363547,3,2,0,70.46865634640834,63.083716088114436,0
5.151935298484184,9,9,7,71,42.2606722913954,0,3,0,69.79627035868145,68.30914117358152,0
9.65474347753489,7,10,6,60,46.71247524398376,0,0,3,97.7118515827316,49.1527152991646,0
8.447633755157806,1,2,8,78,17.36982838035023,1,3,0,95.83406625401636,56.8283903400173,0
8.382566928886233,1,1,1,59,9.213592034361227,2,1,0,61.66329509585216,40.7876827500685,0
6.078375761988585,6,2,10,47,49.57840676225046,6,0,2,89.04038238749035,45.588179624580725,0
8.294427351163286,5,7,7,81,58.707608550530686,6,3,3,81.135019811647,61.837479676746234,0
6.969322028270792,9,10,7,76,40.45697573397564,4,0,0,57.711136955982,71.4991588466744,0
8.256164885207461,2,1,7,48,20.282679507914178,6,2,0,67.83855235432802,59.16237619803296,0
5.532965151539954,8,6,7,64,59.81699347040356,0,3,2,58.87364706537412,50.957487006682754,0
8.28922652301518,5,7,10,64,54.129664994689264,5,1,0,64.75780194109193,72.85930857166838,0
9.997068628853333,2,9,10,72,33.23593554541617,2,1,0,80.76505878866757,70.24462126014743,0
5.24106019430278,10,8,8,41,50.39267066630086,4,0,0,68.76327355217198,64.23187796443595,0
9.885870921106587,6,6,9,58,49.87012877946317,6,2,0,69.70297599179285,80.05988488610822,1
7.0345398036143525,10,3,9,85,56.41394333204247,6,3,1,76.9823646308595,73.59810298818071,0
9.353767251686296,8,8,2,59,51.250811407540304,5,2,1,54.36120694208614,71.92167878997569,0
8.911927420291367,4,7,7,81,40.402357977644044,3,2,1,86.93986449247075,68.17984006863817,0
7.835081304933339,2,3,7,80,38.5117045426079,2,0,0,70.085476670667,48.0783541509474,0
8.692246046256633,5,9,4,81,30.704650858238644,5,0,0,74.01985441011601,67.5636682242306,0
9.39257780650674,2,2,9,68,39.456710198391654,6,3,1,98.71498644273159,63.706215721210604,0
7.020701608255164,2,3,8,45,48.73691225917105,2,1,0,67.2183444159127,48.844547828743124,0
6.635165807816193,6,2,1,56,58.29706944664043,2,3,3,82.41094679869627,36.832504163754955,0
8.337966927817924,10,1,2,99,30.700804700016604,6,2,1,69.62521586479053,66.90231015671091,0
9.039229709706293,9,4,2,64,36.550926164381636,3,0,0,94.7141359341839,59.69912233275977,0
8.811425673883079,4,5,8,77,29.464302228232995,3,2,0,92.33781334975197,70.98920212131974,0
8.989068244293172,6,6,1,43,41.76687415408722,6,0,0,62.08121358811921,57.24441807157085,0
7.177916574064665,7,5,4,69,39.64562772336927,2,1,2,84.58728563054503,48.93178676805956,0
9.089171080875108,6,1,10,59,5.980858460649282,5,2,0,53.25859979486035,70.78028647525603,0
5.601045276853042,8,3,5,42,34.76388575053622,1,0,1,98.1592694764945,40.85268845003243,0
7.722445489804247,4,1,9,62,9.866779263445771,0,3,0,67.44950540070788,54.22880657857252,0
5.028793302490608,1,5,7,90,6.451098990304609,3,3,0,91.59213862923835,58.56546688046645,0
6.622929149501351,7,5,8,57,48.515843914658404,6,3,0,65.9215683038655,71.83361759389051,0
6.83230767435699,3,6,9,65,19.225742418761527,7,2,0,81.6385370598436,70.25951810705912,0
6.980863458046277,6,8,7,95,23.736029250801458,1,0,2,99.17953959921658,50.96916199584567,0
8.477336033449312,2,10,5,75,8.524652318223641,3,0,0,93.83749315658152,61.20689128918705,0
6.942790506351729,9,1,5,47,14.872514327189284,7,0,0,58.01829549524537,54.19631135522708,0
7.2434681131126535,1,4,10,56,47.10826500417858,2,2,1,77.37442165747356,53.11121822010419,0
6.187720654371637,6,10,6,70,32.14419566279415,6,0,0,67.42658910573451,66.04923238318948,0
6.8662589581467,6,1,5,76,53.43676544025816,1,1,0,71.71694258241459,49.91406846885698,0
6.136348136315757,5,9,9,84,26.848317230675935,6,2,0,66.75915646093843,77.90595167966151,1
5.365979618842218,5,7,3,96,19.778540466484753,5,1,0,66.79796240977566,62.81248142965602,0
8.01724296690689,1,7,3,72,24.117989795225803,5,1,0,77.12766218883057,60.095651624479274,0
8.341063992775082,10,5,7,66,44.20244864342975,4,3,1,59.59820045615763,72.3810926403769,0
8.097451730048073,5,7,7,84,35.52531197839673,0,2,0,76.86977126166823,66.77725476124164,0
7.317470219002862,2,2,6,43,54.73051641538353,0,0,0,63.948271859915046,35.928793716843664,0
6.8989289008961485,7,4,3,61,38.119282316388585,3,1,0,64.44914521208997,56.44243690778611,0
9.316668247859127,3,7,7,65,32.11600146648267,0,2,0,86.93740145178114,64.71600691400769,0
7.59540892568109,4,3,5,71,48.21639981377031,6,0,0,51.47968017799679,53.015580905538975,0
7.395909388148655,3,2,7,63,57.11436179033949,6,3,0,69.04728813369036,62.15177177155983,0
5.1282103290321785,3,10,2,85,24.57152511847338,4,2,1,70.37671900768225,59.76342800889313,0
6.7062391381307815,4,2,6,74,18.74319155910127,7,2,0,74.25550698590864,62.658161711112626,0
6.900978093929285,5,1,8,76,38.89195679617765,5,2,0,83.45055123647694,65.86787763124465,0
6.994113904484502,1,5,1,71,32.43800516346346,7,0,0,68.48433913685433,46.85520501664392,0
7.900861846136662,4,6,4,46,59.40520661756309,7,1,2,60.65685521532275,49.931122582146806,0
7.668012733634392,8,6,1,72,30.429898128125334,1,1,0,94.24364202731543,59.208639545931106,0
8.039525463967223,10,9,1,70,9.088235324819022,1,2,0,99.0519313340606,73.1912078890921,0
8.824416307710642,7,4,10,94,58.75529834276997,5,2,0,51.00073465864664,80.10407299826696,1
9.064928693580468,9,1,8,100,51.397282007644705,2,0,0,77.3233425500349,62.101078436487036,0
8.590615381132473,5,6,7,51,14.803757917687983,5,3,0,67.0851189554599,72.77419653688206,0
9.777618479774674,10,5,10,50,54.75328892120781,1,2,1,63.84947876936046,70.78706410317618,0
5.091162913381808,4,10,1,63,23.736675145195953,7,2,0,66.78531954349677,65.07535979361943,0
5.978889928417731,8,6,2,47,25.74115914939445,3,3,0,81.94388782131003,62.89997289252732,0
5.0378143748907105,9,3,4,71,54.85153152991876,4,2,0,59.53580051148975,63.31833555300622,0
8.237373570773014,7,2,1,96,34.156356076942345,7,1,0,95.64303558289751,63.533577811253586,0
9.490152744749935,7,6,3,77,12.57696111691858,5,2,0,73.30572624697379,76.67957031773533,1
6.217411482881497,5,1,8,99,25.29808876379922,2,1,2,66.27884165746642,43.840805314354014,0
9.635172723981533,4,7,8,61,44.71535954473344,7,0,3,88.27656657737995,51.87807765982322,0
5.301336951447804,10,7,8,73,14.580130343740919,3,0,1,50.81733326180963,57.83530585893274,0
9.67218013402757,1,10,6,58,37.462715857349735,5,1,2,71.59264328690185,59.18314992884234,0
6.7581134361981725,10,7,6,91,43.240077311942926,3,1,0,67.7651800500615,72.10998513147307,0
5.5071041422460825,10,10,5,59,23.911946654841863,7,3,0,66.91049549948673,79.22077164154369,1
7.429358795931629,7,1,9,95,43.16343787895773,5,1,0,66.85356810452916,67.05410104956812,0
6.28388283860254,1,4,4,53,53.63140435061253,3,1,0,51.56356888736337,45.20625697007711,0
6.424364509809614,1,7,10,72,30.96642093282825,6,2,1,57.605820150441986,63.083178975938246,0
6.536449824631433,5,9,7,49,26.06001304988821,0,3,4,57.09425796562072,40.87117110267779,0
9.015129489163318,9,5,1,55,18.813712074705712,3,1,1,99.4305252409761,59.47556341092152,0
7.695806383376272,6,2,9,43,38.23130139248173,6,1,0,51.10828779453059,61.31266016471481,0
6.556538495780018,3,7,7,66,53.391862642129375,7,1,0,58.35368281759991,62.76922224467371,0
8.051668916554592,3,10,10,67,22.856369695185673,0,2,0,98.70872543293484,70.77765695237466,0
8.580753371115968,7,1,9,100,26.79295384955169,1,2,0,81.41282969050022,67.61278760711258,0
6.363120003667669,6,7,7,82,27.364403465249115,0,2,0,72.53335603033656,64.26621874616018,0
7.067745507626757,9,6,2,55,35.84467879776344,3,0,0,53.93804665231849,55.613045629336256,0
5.609430466684738,6,7,6,98,17.562492886209125,4,2,3,83.48305808164383,56.51896193415965,0
5.905746747673401,5,10,10,91,50.22161354192374,4,1,2,56.89014938406339,62.374737857421025,0
8.405589269824914,10,3,4,72,21.25812526273217,1,2,0,83.55930610795909,67.04120404741872,0
5.907191738478135,7,3,3,87,43.79494799931751,3,2,0,98.95882486000292,62.591920757848854,0
7.625816918335301,1,7,2,58,33.22686579787536,0,3,0,76.59863293084764,51.45427945601367,0
8.545231308612163,7,2,6,60,37.22436818440163,4,1,0,60.70423272513304,61.71123605629577,0
5.534384615473719,3,1,8,61,14.878480635501658,5,2,1,81.26418754397992,52.87576695594362,0
7.836561098144518,9,9,6,48,45.42627589979938,2,0,0,75.64648438956414,64.479417279755,0
6.282813918506819,6,9,9,48,15.37412854734471,3,3,0,76.6570131805323,72.31418789056868,0
9.8146343761879,9,7,5,48,11.241050069509152,6,2,0,73.90534730599984,81.18372222913243,1
7.4177282335996235,5,7,2,66,35.06737249388328,6,3,0,83.68702871217779,69.07348200295594,0
9.029962748875791,7,3,8,56,44.01134253047159,5,3,2,78.5972681203501,63.778725161862184,0
7.751132710781309,4,10,9,83,7.7519710039116205,5,0,0,99.34975387271865,72.38921380547217,0
5.217062664274096,7,2,10,96,8.816742321729814,3,0,2,91.29317105211594,46.419772506477884,0
8.16575687797011,1,7,4,84,49.14735394882555,2,0,0,63.23491888555033,50.41395757917657,0
9.757016711033284,7,9,6,47,49.496798472903265,4,1,1,86.28782609524868,70.02992076508318,0
8.008059100731657,8,1,10,55,18.491759438249467,2,3,0,60.71501746923673,65.31775692097385,0
9.09594429713395,5,4,8,57,38.837551154011194,1,2,0,89.11732040406956,65.10289959418041,0
9.42103231674204,2,6,9,100,29.374904132956274,0,0,0,57.37788199886711,55.48521971939731,0
6.140398859744662,5,7,5,98,39.798282277193216,0,0,0,73.6776916773619,51.33124452984992,0
6.060224199541134,6,10,6,72,52.45836062545738,5,3,1,89.53030991530373,72.41785673141837,0
8.05490494425496,2,7,4,40,9.392103352024108,4,3,0,64.00563511532827,61.90535962555403,0
7.055142349033524,6,10,5,51,47.789143429364984,2,3,2,91.85595625658316,59.79271843252232,0
9.199306514333601,6,2,7,45,32.11660074865716,5,2,0,82.20753545169859,69.48314715921276,0
9.500115616990055,1,4,9,80,36.0269819069098,3,1,1,69.8761164553608,55.78319690184016,0
6.7671068965135905,1,5,10,94,40.96622480094162,5,1,0,71.17083546531359,63.67658480662406,0
6.18435279487241,10,1,6,44,55.744273202100906,3,0,1,96.29957669599277,47.45650992057311,0
8.90262757621931,3,1,6,98,8.119597445345583,3,1,3,60.88955000061897,40.6839291078627,0
6.37403017774068,10,10,8,55,6.621199366844621,1,2,0,84.66813075873551,76.29628094044014,1
9.113071592568392,10,3,4,57,14.804397981882541,1,1,0,85.36471028707678,61.7835565257796,0
7.118691268243814,3,10,3,88,59.25462493147051,3,2,0,96.12248465918184,69.83527028362812,0
8.337749496457352,4,3,7,57,44.32920020577766,7,0,0,85.65821343786703,57.00885227874532,0
5.477676569173341,2,8,5,40,38.8052615479976,4,3,0,79.22337090291875,59.91212808788696,0
8.119296623382866,9,9,2,58,7.587147937811134,1,2,0,95.12612695081464,71.36305220453312,0
7.258838393686146,10,1,2,93,53.351062314113065,1,3,2,91.4566014824199,51.46369143315083,0
7.933042315877371,7,2,6,100,49.701626931343775,0,0,2,85.83882274171131,41.7452902829898,0
5.840071038724317,7,10,8,47,41.56400241268967,5,2,1,51.628919119608724,71.01219792992535,0
8.68436872472091,6,2,1,42,23.65219485165865,0,2,0,68.67602091201807,50.52898788951865,0
9.313985387716142,3,4,6,97,8.877772556254152,4,1,1,81.59448361009271,59.90283679572308,0
6.083699000453878,6,2,2,64,36.90211683455074,1,2,0,76.11252621783825,50.91897295978912,0
5.478572777600808,8,7,2,97,44.58320143034606,6,0,0,65.96591632489219,61.53204354889077,0
5.118192930231682,8,9,7,44,10.18321927624861,7,3,0,57.22119577548882,73.68152173603978,0
8.20985750221633,9,7,10,94,39.85722128891727,1,2,3,77.64982913444608,63.89705943279469,0
8.035470180443903,1,6,1,79,20.75013373379372,2,0,1,64.29587879311065,39.66919400057194,0
7.73348706357035,1,10,6,58,47.03343216708964,4,0,0,61.650024490449816,57.73628984385598,0
6.159735480579878,3,1,7,57,34.67887178310104,6,2,1,69.94791135274667,52.12301739873377,0
6.954529979527573,3,10,8,89,12.097023329574018,5,1,0,89.27457166071343,73.4450405706219,0
7.972381675930865,10,9,7,92,33.95856962532798,5,2,1,74.39267511831561,83.54147063976582,1
7.483834294295847,8,5,6,70,26.765527485169525,6,2,0,60.8246105249335,74.21989380509302,0
9.938927601074436,10,5,9,72,14.919578255490855,5,1,0,55.84515711400242,80.38959269247263,1
5.682198762783665,1,6,3,86,51.283364823416775,7,0,0,74.94936318874,49.696700721057184,0
8.475722770237969,2,9,6,57,5.606564667452491,6,2,0,89.71831992111173,73.30248582792792,0
7.021593840521461,2,8,4,100,22.167055228295826,4,1,0,82.64090118269702,63.34235025281871,0
7.140998074628074,3,8,2,96,5.692727099318471,6,3,0,61.607444007162485,68.90775615748869,0
8.587988828290882,6,8,1,78,10.280382057838398,6,3,0,71.83532928447461,74.28183591663735,0
8.462180756621848,1,1,1,55,21.34029205451946,2,1,1,92.76151816720343,36.907828864846174,0
9.956279968510941,2,1,10,55,7.984915196415548,2,0,2,58.882795392641945,38.79652600700418,0
5.641971447270626,1,8,3,86,37.81467927964276,0,1,0,76.60402853414485,47.59383612763,0
5.520548246920832,5,5,4,77,9.777459939240053,4,0,3,67.81157543804207,35.928079227098706,0
8.621694085643705,7,9,2,80,43.594249873635235,4,3,0,56.208987741475966,75.84614479827496,1
7.891934585032045,8,2,1,46,7.895316194493862,2,2,1,52.495196045544915,50.535398918254046,0
6.37080333279903,10,9,4,53,8.261989214060325,3,1,0,77.79356923228977,68.8750369760132,0
5.397096844944933,1,8,7,82,21.792924446829648,3,3,0,51.03744368701895,61.101121972885075,0
5.428291247982153,7,9,10,92,54.311433873310264,0,2,0,55.17230583464674,70.33178714494383,0
9.470954373320591,5,4,6,87,40.276628679782405,7,3,1,67.37821405808705,68.9587573153111,0
5.959336623593715,10,1,6,64,47.357221056090566,3,1,0,52.17600926778814,57.29207759008088,0
6.616857810577604,1,1,9,71,12.785366021240833,3,1,1,70.02226132259425,44.03666177608939,0
6.1332820111349395,3,5,2,77,50.87689882859852,3,2,0,56.518251208844546,55.57102798180221,0
6.774981529159687,7,2,4,61,5.4480436506829335,7,1,0,67.49365453500769,58.44699556323133,0
5.347119213730467,10,8,5,98,16.71815429031534,1,3,0,89.55798435450342,72.60225015282747,0
7.595298954541352,1,10,1,55,38.88507766324964,0,2,1,81.3182172238329,49.743693442394054,0
5.338062817961075,7,5,8,91,25.638552472672767,2,2,0,72.27005388937546,66.72592455830623,0
9.001782539111808,5,5,8,68,59.13063654452099,3,3,1,54.59166539275802,64.77173510301212,0
6.168560409552165,1,2,6,55,6.668658575007503,5,0,0,80.95748296573666,44.61578417620122,0
7.700059573022553,1,7,5,51,59.92289923650988,6,2,1,58.185482625452515,58.32567713401866,0
9.40039543780729,1,8,8,56,39.299530807372385,1,0,0,53.82931719308075,53.25500708975645,0
8.25438684523597,9,10,3,76,35.72888470278531,7,3,0,83.19980087298039,83.96711972012731,1
7.664788932756677,3,1,3,66,8.27318434101859,7,3,0,95.60299489105037,58.64181853691145,0
6.621668765576878,5,2,2,64,20.033088216623987,7,2,0,73.02967183852611,58.73139065587375,0
6.6650095652909895,10,10,5,52,55.85644785603776,3,1,0,52.0497955304057,70.66579884958134,0
8.347434775990951,9,4,3,47,24.483530175408433,6,2,2,94.01488587092706,61.6795935216087,0
9.970696806105838,6,5,3,95,41.3909260256988,6,1,0,53.3486883061787,70.11455581844275,0
8.309195949246893,9,2,6,44,59.97229927302969,1,0,0,93.37566213507935,52.82860526868185,0
7.788917086850125,8,1,8,51,19.468834260844766,0,1,0,69.59096866114655,53.32356063869219,0
8.65325255119623,8,9,2,80,36.68444834579716,7,2,0,68.26972693115448,80.23156994626335,1
7.32602806141859,1,1,4,42,43.30407859862172,5,1,0,77.1398689728226,47.06215744366138,0
5.300711713003926,9,4,7,74,14.054498561097834,5,3,0,97.85424087221094,73.04645838907199,0
7.811484079389549,6,2,1,72,13.176991003290015,5,0,1,94.93702725429891,47.9682310752569,0
9.7881264225269,9,4,1,96,30.09693514119953,7,3,0,73.51650441523836,77.21271375349022,1
5.876514711788298,3,8,10,61,26.219688696760915,3,3,1,84.79116155119092,62.729039474880146,0
8.450024454103328,3,8,7,89,44.28184902715226,1,3,0,79.02146261717061,68.68539162006861,0
6.004668443295282,6,9,7,95,8.822982429672244,7,3,0,84.67307895315838,79.20314824657734,1
7.679138422365407,9,5,1,83,58.46916430573797,5,1,0,91.46637300310485,68.66483736303795,0
5.483382248233598,7,7,1,48,5.78523399272078,6,3,1,51.72469144342969,58.266314809093345,0
7.251854681290926,3,3,4,80,38.072425338488316,7,1,0,66.28799269639488,56.65064104989641,0
8.78081664447623,3,10,5,57,35.94479277270636,6,3,1,97.96645541169336,71.22100637846015,0
6.737857621194911,2,4,5,89,12.409365197834918,4,2,0,97.4668154262462,62.36742738284434,0
8.32455862243609,9,10,4,68,13.300379049244139,7,3,1,50.56104449887312,77.34438891559562,1
8.977249803948645,3,9,8,78,48.597261828704475,4,2,0,60.07200649611831,76.5874736133718,1
9.635889097397264,5,10,7,66,53.81593521269757,1,1,0,99.68850211721814,70.90126663226887,0
6.173210409277267,9,10,9,75,20.565933123607326,7,0,0,74.64125379497429,74.81945632452974,0
6.996579579046541,8,1,7,84,29.088018017941263,3,1,0,78.64330019834263,60.868762282116016,0
5.7620800666520875,2,2,10,56,24.524727257109447,3,0,0,58.32100927612262,44.25285326011611,0
9.962417510791877,3,5,1,95,8.990085714265854,0,0,0,94.71678043792647,49.642814782610614,0
9.635004839621477,2,3,7,73,42.02623353086952,0,3,1,61.56321498245565,51.73491624038499,0
7.699785651402798,8,2,1,85,50.385611414312955,5,0,0,59.48238150097683,55.656516187215196,0
9.210166471882106,6,1,7,42,21.76836465651639,2,1,0,61.40612016601641,54.93751468638423,0
7.60478988636021,6,10,10,44,59.459668649689505,6,3,0,95.98108513205044,82.53540424139257,1
8.117928440013799,9,3,8,53,9.171835650529522,0,0,0,85.14233535884246,54.51891962944181,0
5.445622160580083,8,1,9,42,41.39848925979865,3,1,0,88.42981972451375,55.80287927093248,0
8.77635210248404,4,1,3,62,29.652540798934893,6,0,0,68.85181790921264,50.20557378992496,0
5.638567418176174,4,1,4,78,29.563104560866073,2,0,1,95.45885074652807,36.15797618281973,0
9.130338151262642,9,8,4,69,30.170508881844714,0,3,0,89.47039761696948,72.77283808776184,0
8.91014043835193,1,3,9,89,19.227497559078564,1,3,0,87.52986812536606,61.15449924523385,0
8.543723488714882,2,1,7,84,44.35595550327278,4,1,0,98.54701418364758,57.805050196433825,0
5.180801902623811,2,7,3,100,44.686708934676474,0,3,0,68.30984153966743,52.92325882340104,0
6.515641779726643,6,10,10,62,20.531841055820486,7,3,0,80.54868233979406,81.32496597520314,1
6.315562849554214,4,3,5,66,50.94185534721476,0,2,0,95.49648494886081,52.111526259527864,0
6.800682037357595,10,8,7,93,22.42647190076815,7,2,0,89.54444715929762,85.6616699291369,1
5.438213733819193,3,4,8,49,44.88012181925982,1,1,0,78.16894791128075,47.563026171792025,0
9.684789115155315,3,4,1,64,11.654987213163654,3,3,4,53.810684239009944,37.85274993922224,0
7.769011203561881,3,5,2,52,14.278590354206012,5,1,0,82.63617197778366,56.70508526948731,0
6.527621553290118,6,6,7,55,22.368760447953814,1,2,0,76.32777784339261,62.49645473552617,0
6.984907585371417,8,7,2,80,37.66305722173238,5,2,0,59.20902307423132,73.08449086784672,0
7.236012702524178,7,4,7,73,40.50313170132846,0,2,0,94.11265616712987,63.13437706674194,0
8.002971666803086,4,8,9,94,26.799589458211116,3,1,2,67.16242974493716,59.75164717984529,0
7.578397138482488,4,6,2,76,9.281153421078272,2,3,0,69.37399467586485,60.2373621165876,0
9.596959866072087,10,1,7,100,25.549905865099834,0,0,0,83.62007743982053,59.86834063593178,0
7.484817414529151,2,1,4,61,42.88221337775333,1,3,1,74.43993710206205,42.41224387806463,0
9.960790074116563,1,9,2,56,41.90475036216738,2,1,0,54.46405381395747,57.09977140940106,0
9.257124788725479,9,10,7,62,13.810802726299352,4,2,4,69.37208086776174,64.92931960088319,0
6.042552571786679,2,6,5,93,5.428118364793193,2,0,2,54.723305896911654,36.969758356230464,0
9.65297607321958,8,10,1,75,46.41398895128642,1,1,0,59.53752015616906,68.19245068868169,0
5.58183198942738,9,8,5,88,10.850249151188404,6,2,0,50.35872191752269,76.82273692076936,1
9.087248542455958,4,7,3,48,9.529202918035702,2,1,0,59.06565407423311,57.2923997774985,0
6.9031164673829,8,6,7,91,5.148566925878991,1,0,0,66.52236769991805,59.1919487576439,0
9.389871602225348,9,4,6,41,28.793072927631,6,2,0,76.91092168661473,76.02662030398047,1
9.340283450537251,10,7,8,71,32.67951454954479,0,3,0,95.9638605591366,77.97764203055931,1
9.029627000588107,10,9,5,95,40.07152253817249,6,1,3,77.01634336210276,68.3263907045067,0
8.950152181535307,5,10,2,89,21.283511239192222,3,0,0,85.28017706821709,64.80454022787524,0
6.523395695490204,7,10,9,92,44.073359401272896,4,3,0,67.88385456528871,82.25366749394195,1
5.404596415256261,10,7,8,98,14.313252157381786,6,0,0,87.58153967836337,72.09291559413758,0
7.014900893825807,4,1,6,61,50.759452921069105,3,1,2,81.02343730257387,40.716814371347695,0
5.867622574932543,1,10,10,82,36.45165808897451,3,0,0,72.98970066374306,59.036558087423415,0
8.474755444512308,3,9,7,52,37.11394028546266,3,2,0,59.68843974456129,69.61466618552915,0
6.730498632688928,5,4,9,47,16.537647757850948,6,0,1,65.17704539986495,51.494578458285375,0
9.878051004299575,3,3,7,98,9.075981211521354,1,1,1,81.04730436878775,54.324702344251094,0
8.20486038672666,7,4,3,40,30.559864169436928,7,2,2,71.30281621822866,56.28932798354184,0
9.112402818171805,9,4,6,56,38.85865735572974,1,0,1,94.4693278374526,53.73502318759604,0
5.662623363709242,6,10,7,51,10.227555226392708,4,0,0,61.742013576779264,61.59194463816574,0
9.310072411363112,10,2,2,43,57.279396099049166,1,2,0,53.653632612663614,60.634554161430955,0
9.613785952566971,1,1,3,92,58.922789812804375,5,3,0,79.46742882527423,61.47467720673438,0
7.435309594094679,7,10,4,52,35.00011824658706,1,3,0,94.3025420095038,69.77446977754164,0
8.031264688754888,3,1,10,70,57.25380354003734,1,2,0,68.23695147198943,57.34144942222026,0
8.824049004514977,5,8,6,100,14.869488066946918,1,0,0,82.38556674340825,62.3867119433688,0
5.874193136302063,10,2,1,80,6.398137684873869,0,3,3,61.570631108857434,38.7651766611021,0
7.512830382317212,4,10,9,98,7.167524440971446,4,2,0,77.92359608363441,80.7598321777012,1
6.993315138861566,10,5,5,46,37.31318636847285,5,1,0,89.33960504313265,69.00380055776817,0
5.731869960811245,5,4,7,62,8.390303589025294,1,0,0,93.35157993883419,47.190862019541264,0
6.837672111457657,5,8,9,63,57.72000837532479,7,1,2,55.25595649261983,59.19804426057505,0
5.340861546927468,6,2,9,44,12.806326591766922,4,0,0,67.81872581466227,49.97122040482952,0
5.129059534747435,10,10,1,44,21.759754332913825,2,3,0,81.9822220967935,67.11287386772057,0
5.675831445774114,10,9,1,56,50.238479109909164,0,1,0,51.73614340468261,56.88260006503406,0
9.81557555794587,6,7,3,69,17.03071777072512,6,1,0,84.53076000754135,71.85019906975663,0
7.747647679475085,8,7,6,48,18.363265215001384,7,2,0,76.40169414019135,76.43724217469446,1
9.8291108057661,8,1,2,45,40.326992568506,1,3,3,64.42831396100132,41.97856558903396,0
7.162489391650659,9,2,10,64,20.184734866909427,7,3,3,90.73272252970253,59.749068326090985,0
6.559080665426298,8,4,1,58,16.959619870423516,5,0,3,64.50253561478875,38.04556643325478,0
7.5307093142012205,2,4,1,55,18.979774286811164,0,2,0,99.57075231019017,47.93679604622311,0
7.197558443164551,10,3,5,60,31.985612463739976,5,2,3,90.81850945566703,57.30109722011838,0
5.52832342130872,1,7,4,41,58.13549300023152,6,0,4,85.39902506915439,26.76484010113175,0
8.204131573451031,10,8,1,49,50.773086785867555,6,1,3,53.0673778981323,54.696454780851234,0
6.080190912547998,2,2,4,55,20.65356455080974,7,0,0,95.21551859936368,44.65385026848861,0
8.097939774489149,2,4,3,76,24.985526467395374,0,0,1,89.50276528687755,37.12738717191808,0
8.251005461990767,3,3,2,54,30.54817377772426,2,0,0,61.451253964590116,42.07849854969583,0
5.76012426564324,10,2,9,52,58.84113058593447,7,2,2,69.61240906634444,60.211441036424965,0
5.306748135553341,7,6,1,52,14.481475758464363,4,0,0,63.43157758095714,49.984289631741625,0
8.9038079303422,2,4,7,71,24.661570692053555,0,0,0,99.22080170905332,48.28279573277586,0
7.299002118846601,1,6,4,84,45.11843516904932,3,0,4,92.70982224027797,29.614205631270636,0
5.290818977527379,6,2,5,86,58.01690538479188,6,3,0,96.51126513475512,64.21810653872897,0
9.974331585848836,9,4,10,85,13.562136702033072,2,1,0,89.4387118187715,75.17957764488025,1
5.288902804981833,3,6,5,47,17.505897480689015,7,1,3,72.81741205351238,39.38808022383083,0
8.475176144292766,6,5,1,82,17.413207091473662,6,1,4,60.27171249073425,42.80414517170764,0
9.918394626317067,3,3,6,57,6.151261622064043,3,1,0,60.40400784548669,57.428410152535236,0
6.195900521079628,1,8,9,95,38.22635937395222,2,2,2,57.58414241833385,53.96948227692205,0
5.711246843435981,5,7,2,75,41.88866907802416,6,2,0,77.33247751516984,66.09380796066363,0
5.606924697112144,10,3,7,65,38.13892395688894,3,0,0,95.99832614318213,57.909227054087786,0
6.516375737837977,4,6,6,49,8.922764417704789,3,2,0,99.58990350228831,63.06552279030565,0
5.505229055053233,7,4,5,70,8.807656916009744,6,1,0,64.36499000183824,60.767060642314085,0
8.46080670847066,6,5,4,72,16.571260497176823,7,3,0,84.86572701483647,72.48936817650858,0
5.311458990650314,10,5,4,68,20.966198363440306,6,0,0,79.85490078051889,60.96385581087008,0
7.547110640748949,7,7,6,44,48.2599010750526,5,0,2,74.44680584381555,52.85953849861965,0
9.983484269264885,5,5,4,52,13.766464616190662,0,1,0,83.28843219060207,56.13830541901039,0
9.069851347530093,4,3,5,40,7.425071901864268,0,1,2,68.56815094900345,37.96643183422143,0
8.076097191155053,7,10,6,62,26.669312924218033,2,1,1,97.22423875467248,66.01411191583551,0
6.5312681039330585,7,5,5,79,27.901569357805617,4,2,0,85.27244338531685,69.7117456601389,0
8.119479181458193,6,7,7,42,29.799903600392483,6,0,3,87.71005459962224,48.76259062410263,0
7.635207319558258,8,5,9,42,50.47969492148327,7,1,2,62.121104750303694,59.02786302803338,0
7.130416919451857,4,5,10,46,10.390297817901795,5,3,0,58.42910017488097,68.71819878699765,0
5.653551883700997,10,9,7,75,43.716814533207916,0,0,0,69.71703965471615,60.83469026330296,0
9.433021076202333,5,3,7,74,23.587006407490993,0,0,1,88.3336242668077,47.03444564815269,0
7.248923244106613,4,6,4,54,22.048907503950847,7,2,1,96.93979548764287,61.83666975010039,0
5.973112559103825,1,1,1,79,56.28987193472889,5,0,2,71.3664912987004,28.857420719097544,0
6.838796754386448,8,10,8,42,18.665768842920812,1,1,0,88.7078396248583,67.69787946317453,0
7.070648762644636,1,5,4,68,40.33925094366515,5,1,0,73.52038097334048,55.38664902521715,0
9.137689477834371,5,8,1,69,20.132026655685063,7,3,0,64.76141247777319,72.54047324163938,0
8.66807190280701,6,5,5,78,32.89291354522118,0,0,0,86.96325753629239,53.66769124466173,0
8.846524468206699,6,9,8,57,48.24610909279529,4,0,0,89.91010669906636,69.8826887067018,0
5.055156322143236,5,6,4,50,53.49473879339433,1,2,0,60.14203970403401,53.281489083671765,0
7.0807699908988075,3,8,8,82,51.12834821622777,7,1,0,65.25847510226653,68.5520670914852,0
7.406720758176618,5,10,8,88,37.01994048795519,7,3,1,74.73884217368311,76.68461434214463,1
5.0959613841152835,8,8,3,99,18.684897343602216,3,1,0,59.326091488343835,64.2718182554187,0
6.299066043725171,2,3,9,77,41.367836079402615,5,0,0,96.44171493768962,54.33707140456298,0
8.801449115610675,6,7,3,79,44.04477751787844,3,0,1,79.56669562803742,55.769718960656014,0
5.685548528644995,9,7,1,40,5.588059456242577,1,3,3,56.06016386858463,42.288531842862334,0
7.6765506572629585,8,10,2,68,29.156578101253103,1,0,0,59.201493234123106,59.0665010276127,0
6.0760093600861875,8,6,6,49,51.37941235519704,1,3,0,97.71776726624222,64.1451653510363,0
5.060603873219466,8,7,10,67,31.927317793367607,2,3,3,86.90842928483092,55.43855706387419,0
6.206007287997707,7,2,2,96,22.125649318982664,5,1,0,86.7202542252493,59.84002872342935,0
9.879368774550269,8,9,6,70,52.94887740635645,7,3,1,53.62492970025273,79.9368252990665,1
9.007685559414949,6,10,1,58,13.573438364139314,6,0,0,94.76494188544734,66.89854548747607,0
9.797883221605167,2,10,1,42,16.35448778289102,4,2,0,72.18676812793024,67.79484721011248,0
7.439270219631812,2,1,5,75,42.80548018148733,4,2,0,82.98586613199632,56.871403943014144,0
5.548680993387517,8,1,10,82,24.383976783961625,7,0,0,97.9844609557007,60.733247404800075,0
7.739797444868465,1,3,9,54,44.21592596535784,3,2,0,55.000619017827844,57.504869305924544,0
7.271886672799805,6,3,8,72,13.673699169272053,7,2,0,74.11382297432894,70.4731205203327,0
9.221785413698079,6,1,3,80,18.874799928046528,3,3,4,52.48063683309659,40.59747649373788,0
5.490412903921223,4,7,3,82,13.615605809999844,6,2,0,74.97727116618577,65.71546249068604,0
7.441205685108891,10,4,1,90,57.41006724599303,3,2,0,62.612970524378554,68.43479989098601,0
5.750243323469921,3,10,3,84,27.297217846800827,5,2,2,95.55327646369352,60.18752681065739,0
6.6233796344503,3,2,1,65,23.54709504506243,0,1,0,69.92462471365434,38.67683211008771,0
8.686785386938999,1,10,8,55,5.781118589392059,3,0,1,81.69362230260396,55.219212514745465,0
7.380090646843833,3,5,1,75,13.437966867598806,1,3,3,93.01436324072745,38.85357837444635,0
6.879441425728847,4,6,5,72,28.162472093337474,3,2,0,99.18459292085882,65.17696052368488,0
6.972381392850177,5,9,9,59,8.767653591454174,1,0,0,75.19096851642729,58.53085390686496,0
7.297233842029933,3,4,7,52,33.09066312284193,2,2,2,72.7878851430728,47.298802043382636,0
8.925082719185284,6,2,4,72,30.02584911554463,0,1,0,53.78698226482294,51.30475215959128,0
9.460423444701172,5,5,9,44,47.19424771893936,0,1,0,50.63694716686075,57.739678155521446,0
9.77667343251964,3,3,9,76,41.289148577017414,6,2,2,80.4401046249248,62.28984431187949,0
8.934516931276475,6,2,2,53,29.52710179263156,5,2,1,53.2732176073823,57.71862604518112,0
6.577034478740064,6,1,10,66,17.35633850577893,7,2,3,69.01894685192366,51.26843821060664,0
8.440673530432711,8,10,10,62,44.97749613097935,5,1,0,50.180321805323075,81.67406647487535,1
7.18801562027696,2,2,6,53,43.932415689981234,4,1,0,80.76137494828353,51.277999987334844,0
6.273353110230255,1,6,4,79,13.431288828346307,2,0,0,71.27075802202481,44.74762539111764,0
9.204357897129613,4,8,8,43,55.31135072839715,6,3,0,56.35103848931439,75.29080812497362,1
5.192131744811625,7,3,7,78,8.542281380827374,5,3,0,64.81838034204111,66.76335000707927,0
9.508809960677118,10,9,7,91,8.02707398909939,1,1,0,78.48303494859623,78.46502280924639,1
7.30738732312367,3,9,10,58,15.304272971433484,2,3,0,82.83566840049886,70.05953480660241,0
8.186007384041403,3,2,9,86,55.02034389268242,0,2,0,73.11679398317234,58.02932049183308,0
8.296769611028914,5,8,5,93,33.5998968220307,7,0,0,90.19795580454729,68.31940738135283,0
9.475588703532683,5,10,6,43,48.33675063700951,7,1,0,55.622020585149286,73.19187203823458,0
8.183348410836036,10,5,1,69,17.531375344207532,1,1,2,54.227286130620385,48.924274871792726,0
8.06966792380031,3,4,6,58,31.962208605955745,6,3,0,52.21221345089042,64.26310160015278,0
5.33326020280345,9,10,2,70,24.705920499313525,6,2,1,76.79139197247211,70.53272632024265,0
7.59204010972602,4,5,6,70,50.5305733886406,2,0,2,85.3115852117229,42.0522731368823,0
5.750845004085209,3,4,9,48,6.243244164757464,0,3,0,56.52606997112649,51.187361586028146,0
8.687168843607427,2,8,8,92,18.411350148135796,5,1,0,81.94728109276963,72.28600183352984,0
7.561109604063372,10,4,9,52,13.391582336630833,1,1,0,73.84738830947674,64.22588276168483,0
8.401138896041767,9,10,10,53,52.255397129686315,1,3,2,99.36722500755576,71.12698846574874,0
5.208364503011921,4,6,8,94,30.714911733157116,0,2,0,85.87368046332057,60.11622424125249,0
5.423960080229016,3,2,3,99,27.232102414126892,1,0,1,82.87366675958128,34.09642473519694,0
8.581616940313411,7,5,8,85,29.72155191555939,7,0,4,78.52248674361722,47.98879812400809,0
5.360421679993367,8,6,6,93,58.45585028862843,5,0,4,99.8683090774852,44.225535593537884,0
5.356283638826293,2,5,6,49,51.764706688475826,5,0,0,99.02295854272887,49.54075284714635,0
5.060542376174437,7,2,6,87,43.850282451766915,5,2,1,76.90575627472607,60.17512901693177,0
9.7825069914974,5,7,3,70,20.976342757279006,0,1,4,72.75916736671309,38.1083919487689,0
8.687541797295035,5,4,10,76,14.084514973514628,3,1,0,73.10574613508761,66.4530220014152,0
6.766257042510321,3,8,1,62,55.67884959634493,3,0,0,71.41711951616828,49.26670532718849,0
6.482677906438276,5,7,4,66,28.269153753806556,6,0,0,76.56991534981611,58.309317453018274,0
6.748516148729248,2,7,10,45,20.331568970774605,6,0,0,63.67921339071854,57.55893996525728,0
8.87326765590591,4,9,6,65,30.90064545296995,7,3,2,96.33943915572132,67.96158659957672,0
8.306853055352072,6,1,10,41,55.48160825511937,1,3,0,74.51150407309676,59.936085594062085,0
5.92597783933734,1,10,2,84,26.288702236521125,5,1,2,92.10039059193045,50.90207916660127,0
5.870546676670422,10,6,7,100,35.94525484864547,1,1,1,73.76518373338101,61.504581621063046,0
5.491978248566987,4,6,7,52,49.16314656097118,0,0,0,85.91451369551214,44.715454928325876,0
8.301513598506691,6,6,4,90,28.492289207661518,1,3,0,66.84409822382901,66.25813906126825,0
8.821863311108679,9,6,4,89,17.84479910595026,4,2,0,81.24034288666303,79.05867764900053,1
6.32523214162502,2,10,1,99,59.69891616106684,3,3,2,74.91857227254597,53.99620304934456,0
5.104724805154564,7,7,2,58,57.61139715986878,1,1,0,68.35571282668049,52.02866868594016,0
5.410858337382137,6,10,9,40,51.39135430190327,1,3,0,94.07781305340005,67.92169192361503,0
9.839300174225151,2,6,10,79,42.86056336622574,2,1,0,55.63558413744545,64.58987321612902,0
6.477223887387101,8,1,8,71,21.217609543833333,7,0,3,74.34615741595552,42.391321732181034,0
8.846115739190669,7,3,8,61,55.23771159902176,1,2,2,59.71845366330683,54.50332017004914,0
8.12331784427132,5,2,9,87,20.15561685666758,4,0,0,93.05275456087958,60.10449833324907,0
6.909698198264479,5,6,7,68,49.04452220722579,3,0,0,62.67346723578317,56.055862903492745,0
6.028436310977776,7,8,9,41,55.504199236771846,2,2,1,81.67151700559108,63.93731418130011,0
5.606932090797033,9,3,10,79,38.16521122364513,7,2,0,58.27817575426771,73.71344523084996,0
8.075064840194333,9,10,2,77,49.168091984014836,0,2,0,70.24568347354183,71.43411984638502,0
8.87316890318894,9,8,6,87,48.54323045609606,6,1,0,94.96785978246821,81.78392715315927,1
8.219521267705654,6,8,3,94,15.623676311653893,0,0,0,58.30322222009703,55.53074068043805,0
7.651510666245791,10,5,6,50,41.735846047784655,3,1,0,83.15979126741698,67.3273798903815,0
5.209756117158181,6,8,3,56,10.140736529744395,6,2,0,60.22551852779774,66.34819806390132,0
9.84244388797192,3,6,8,94,32.93175787256148,0,1,0,70.78745262660829,62.23606358660447,0
8.993570958272873,1,5,4,90,13.922955147731763,7,2,0,77.03084421872997,67.19861487103394,0
6.464110183504824,7,9,10,82,27.899222433803743,4,3,0,78.8653209094874,81.12788043419371,1
9.899851646794254,4,7,6,99,50.81401410841407,1,2,0,80.12556687765777,71.79577014470672,0
8.009407948181611,1,8,9,47,59.29423117966124,3,0,0,82.0065707695461,56.12541519456899,0
7.912113291036232,8,1,2,61,22.487790741278975,6,0,0,63.58843488368988,53.26699823816522,0
8.740365897147662,6,2,2,43,34.257563433074715,2,0,3,70.06837428585796,29.77279000904023,0
9.058848940450687,6,8,7,50,33.121391340376874,1,1,0,51.865933178753224,63.90631004193582,0
8.282393036657513,2,9,2,47,57.49208304070863,0,0,2,88.43784882656875,35.98597738383523,0
5.640478731831,1,4,2,48,31.322105283802543,0,2,0,91.85497508944512,42.28811180856237,0
6.6913375299724915,2,10,4,65,43.45084129698338,2,3,0,59.961838174277275,61.97975470385142,0
9.640418201630249,4,10,9,41,55.69840782096894,4,0,0,60.072198231484094,67.77310138403652,0
6.12307805921926,2,9,8,55,25.535820774526204,7,1,0,52.101820109521036,63.00131276201534,0
6.860835119187566,1,4,2,70,54.61672310349632,7,3,1,98.51919113962438,52.78697873195406,0
7.16038441472098,7,10,8,45,55.46009220400574,2,0,0,90.35932840586145,64.0407739470895,0
7.1970249484722615,8,10,4,92,56.18643771819219,3,0,0,68.0351601453016,67.36400832022063,0
8.064697912472628,6,10,2,60,19.87454020092845,2,3,2,74.09541357349127,58.7728068459156,0
9.715379188723539,4,9,10,65,27.019557684847715,0,0,0,64.59834803254343,61.748079767446576,0
6.203463559162525,6,7,7,98,52.8717749524136,4,1,0,79.86219841610422,69.15793372540028,0
5.60750688150459,3,2,6,58,24.753900335423033,4,2,0,85.86542061667541,55.587668204045215,0
5.987352449299687,8,9,10,67,38.01391681134278,5,2,0,72.36842389959361,81.88750115113585,1
9.434624501046347,10,4,5,47,11.492997899302857,2,3,0,93.67970966458117,71.84550998454921,0
8.229054063276031,2,8,1,53,8.095124346118242,3,2,0,75.8512931109405,60.57965556010429,0
6.4295339461958,5,7,2,63,27.65966942206949,0,0,0,57.21266345389054,44.23126427903804,0
9.079734694843086,1,7,8,87,36.84040929259946,1,0,0,81.11456879188208,55.70020824134766,0
9.30684998181718,6,8,1,83,26.598451234741773,7,1,1,73.11154829539012,65.86239724042512,0
9.23257169345139,2,1,3,76,36.77546735884631,7,2,1,96.78359315408629,56.2150768890601,0
9.594632668197772,4,5,2,95,33.329640689448176,7,3,4,69.59469604679568,50.17789488287929,0
6.261205100866808,6,2,5,65,42.71389761073417,4,0,2,70.14328695750521,39.50481531537776,0
8.775209643731392,10,2,4,70,40.72428370859644,7,3,2,82.53866948908052,63.87089764412296,0
7.3026974863707,8,1,7,95,28.333513676361903,2,0,1,76.3493109163214,49.91880054584997,0
9.209992764450307,8,5,5,90,28.37473822309248,5,0,0,68.72249387692175,68.7959054976281,0
8.642453385808066,6,2,8,71,12.74280870067276,3,1,0,99.48872078400447,63.536150327175115,0
8.882237232498623,4,4,4,89,33.22812146530525,3,2,0,65.10927549997083,65.1788823578903,0
8.280809188405357,8,3,6,80,37.29485204746332,6,1,0,63.87643959925143,68.68993721765608,0
5.8871438473485345,8,3,4,41,31.20691685446044,7,2,2,93.22138142610517,53.72142817473928,0
7.725134594484691,10,2,2,64,22.913903429784945,0,3,0,50.168647177527774,57.219685839837666,0
9.92334869762254,1,6,1,91,44.69066993384547,4,2,0,60.062658045245385,64.684031892113,0
9.686940332485594,4,2,1,83,9.106390455487324,0,3,0,79.5223344130988,54.368418300659094,0
5.215868678985059,4,8,8,100,55.2942203364726,7,0,0,58.12252639223324,62.46090913429661,0
5.824074078647186,7,8,4,41,6.135389175018631,5,3,0,99.29019613617942,70.75016627800352,0
5.65864386727281,7,5,5,81,57.929257339105284,1,3,0,73.20978112108155,61.13450188484178,0
8.629899549926478,8,10,8,40,30.429558051406435,7,0,0,79.86820374802754,73.95074661816246,0
9.088926649284726,5,7,7,75,27.696846920194766,1,3,0,58.01867325525966,69.03030206456047,0
6.067556831553359,7,4,8,96,19.104420960475345,1,3,0,64.4689050435964,64.69321991082793,0
7.529263464759145,8,1,8,51,5.553912415775574,3,0,0,80.73123913397077,54.41588303812298,0
9.203515140056,9,2,6,48,20.113464543198987,4,0,2,77.47766866431988,50.08517232981894,0
8.664007723831253,3,10,10,75,11.016995900318367,7,0,0,89.2181972720583,72.40939506448993,0
7.711186027459242,3,10,2,80,41.29014634813671,0,2,0,63.461658928715806,61.15311052774134,0
7.951738452293864,4,4,6,67,22.54912347763994,0,0,4,82.6771073353267,26.03929712774112,0
7.5418027345814,5,1,1,77,47.194863062201385,5,0,0,64.54877528744328,48.43267814056313,0
6.487742256594103,10,8,1,72,16.380390304036432,1,3,0,79.33763098730601,67.51828006584579,0
7.8251099642950805,1,9,3,81,54.51291715876602,4,1,0,80.25154838426043,61.855576155582305,0
8.444426510250453,7,4,3,100,33.76398333082079,4,1,1,56.09195556772444,60.203632419881195,0
9.366614579304038,9,10,5,85,11.297840805793978,5,2,0,77.43165553431331,89.057696774025,1
8.18145676989624,8,3,1,61,27.04648796094134,2,2,0,50.59691499770913,59.46606241018731,0
8.80560768521579,5,2,10,64,16.371828823836893,4,1,1,75.06053756873457,59.22551815670348,0
5.800358174772865,4,5,6,100,15.982698439249855,4,1,0,84.87609443040375,61.41528533796412,0
7.307787372098949,7,3,7,57,32.85033557087149,0,0,2,53.64163644949944,36.8396384912346,0
5.046658099135467,5,10,10,45,41.95406086000049,5,3,0,96.93554082085136,75.72641393611949,1
6.233394322608115,7,7,3,57,55.13900130268855,7,0,0,72.93777659947271,58.75123944756828,0
8.632308575565023,1,6,4,91,32.61891059200094,4,2,1,96.9208137812031,61.80069246335811,0
9.959049756746818,1,1,10,55,58.12113262820816,4,1,0,55.369921184556624,57.03852165549629,0
5.495890497936079,10,8,10,54,56.78991686403528,0,2,2,97.49512972097673,61.333197349390524,0
7.007471579306442,3,2,10,87,52.578439149139825,7,0,3,55.45985497126733,39.98730095492237,0
9.000354843495797,2,5,10,47,32.49874957293302,7,2,0,73.0747899225668,70.37310440328415,0
6.020178173144494,2,9,10,52,12.749716902839094,4,2,3,96.89960333634329,54.30035422432227,0
7.7754247465114315,7,8,3,94,16.98474583984617,0,3,0,61.635410019443576,66.87644209894215,0
8.665356480148374,10,2,1,82,40.62185014915866,2,2,2,51.739249042936706,53.80807938151957,0
8.079927251300894,2,9,8,99,28.196523915630785,3,0,0,89.65553375141104,64.25540125281299,0
5.940123673077081,4,5,10,100,13.074089746469802,6,3,0,79.79418188345049,73.02100677929126,0
6.7769228434286966,2,10,10,96,31.344666350162072,0,2,0,75.69605964507204,68.35647228327473,0
8.918958922426986,6,6,2,46,5.9586800026125255,0,0,0,51.71716921766092,47.39344874288108,0
7.771132570660083,8,3,1,56,45.364245399477625,4,1,0,82.66156344034226,58.71088769824977,0
5.026148067714564,10,3,8,89,9.046971196932997,0,3,2,58.58116759422824,51.98037317383215,0
8.804953800140469,4,10,7,71,39.601249095166544,5,2,2,96.55983401023477,71.09252557978176,0
5.176556774701195,5,8,7,61,48.61556691940797,1,2,0,84.28634755378411,62.28150623904379,0
8.728668913656161,4,10,4,94,12.295413094968104,1,3,0,85.35169440169182,71.71044478673359,0
6.012402800826187,3,10,9,90,33.52512798663069,2,0,2,61.629013630564025,49.05921714019008,0
9.790367400596901,5,2,6,96,47.84871328977083,7,2,0,94.03769190283592,74.08696778561642,0
6.839703756510422,9,2,2,52,19.334840011635077,0,0,0,76.88662853916006,43.393409410504056,0
6.634658081690396,8,5,1,86,13.96041261508905,7,3,0,92.85420889071153,70.53897537675408,0
5.7444402516622235,8,6,1,62,23.525051103210128,5,2,0,63.5473737416138,66.17499914779488,0
6.528021077451074,8,2,9,93,35.50845471208237,4,1,0,87.77308565491231,67.09968046068184,0
9.383253809141003,8,5,4,68,36.64037771701125,4,1,1,78.72834518300238,64.21360513413907,0
9.981671688136236,7,7,5,61,12.198198340172786,6,1,0,52.42096529052908,73.35199120084098,0
6.841547652534242,8,10,3,40,30.16628662206844,3,3,0,70.26711618866435,70.73310643631757,0
7.243053154772713,8,10,4,68,19.75552075467183,2,2,2,59.195523256173246,62.36408681300431,0
8.610354691013686,8,8,8,87,51.31133199357229,5,3,0,67.9586793939378,85.59857194918344,1
9.430978902325371,10,7,4,44,22.246632263521693,7,2,0,69.16758171326111,80.23193356875136,1
7.9652216709339205,7,8,9,97,51.128748849362275,5,1,0,73.74641765141924,79.80817286783032,1
6.957628490889147,1,9,9,74,28.571053693098566,6,1,0,80.01452213642315,67.70103483010469,0
7.063109204243119,4,5,6,94,44.96221712045493,6,0,0,78.54888262490996,59.95122372603341,0
8.478090732484034,4,5,2,49,33.053312569927904,4,3,0,51.94957023524975,61.003852607084795,0
5.0160913180213935,5,10,10,58,39.207944327203705,7,3,0,87.53446092443609,76.53569019185747,1
8.097946687299203,10,4,7,76,26.744608097376073,3,0,0,97.4591942236384,65.96721377450561,0
6.777465052206787,6,9,9,46,47.25137222941199,4,1,0,67.43406444924832,69.50171929144841,0
8.97098665638542,4,5,6,85,28.385416096551207,3,1,1,58.98734506691293,57.78035849064894,0
5.46495319911566,2,2,3,74,30.160390562220204,1,3,0,77.00007815576926,45.45253716423135,0
7.941011334741953,6,10,7,84,33.47232675270264,5,2,0,85.24564641220721,83.73084735799394,1
7.404864449430619,8,8,5,52,50.75032651122909,6,1,3,83.94524472638315,56.00735908966358,0
8.211627629526138,8,7,1,49,41.265841073080566,1,0,0,80.6054788750429,53.53003073979412,0
5.324267972414842,7,8,3,41,24.203821261116236,7,0,0,57.31161260641043,55.909596394894955,0
7.899918937140656,6,3,5,45,41.867579868984855,4,0,0,91.84124472014992,54.09673695819875,0
7.807422939797618,2,4,7,47,40.333461515471754,2,3,2,71.28107812094076,46.188315563833974,0
7.8033004720808545,7,5,3,75,56.20606017338374,0,3,0,61.0734291515935,60.168707791306716,0
8.017438332982273,5,6,6,64,51.277903981394246,2,3,0,54.31330705315482,64.89530738802345,0
8.382339686131811,6,1,5,83,40.60958080631865,2,3,0,70.83595574865245,61.16471279968027,0
9.02494499840385,10,4,1,99,23.7828910876224,0,0,0,80.89865234236537,56.83665538307997,0
6.3491036006410715,8,10,10,86,47.87670468736982,5,0,1,83.26888545757538,71.01226470964306,0
9.12524705090031,8,5,6,79,36.63645611845405,1,3,0,98.13684556986283,72.16561724241448,0
7.491278411317268,3,7,8,46,59.18984934554959,1,3,0,57.65740418318787,60.489923191362024,0
5.385291395671656,7,5,1,85,18.61283707133922,5,0,3,99.2886832598776,40.247386267723364,0
5.292754646219896,1,1,2,62,9.381071251198783,0,3,0,82.7337940286114,37.81284104617934,0
6.671191593480303,1,7,4,58,8.844049653837123,3,3,0,72.71145288536007,57.66100613813537,0
8.924484885557337,7,8,2,85,40.20167135934242,2,3,0,94.40971129240796,73.23100561656324,0
8.538404673704578,10,7,9,61,56.65931259013381,4,3,1,84.72398709766964,78.85579863399224,1
8.943074823362032,9,4,10,52,5.106255286032785,1,1,1,67.43586074285076,61.00836071985959,0
7.586345282208047,7,8,8,100,44.917407582677754,5,3,3,94.20428482882309,68.82411032195499,0
7.200994989777453,10,5,8,60,41.138585039312,4,0,0,83.33077284097675,66.38792486484604,0
5.73726263353142,5,10,4,40,45.27673057207062,6,0,0,84.94186778971098,59.18065121741935,0
6.640963768046557,8,9,5,98,24.547297371928455,0,0,0,94.81949440430131,61.392528690850725,0
7.170096830869376,2,10,4,58,50.12730445618203,4,0,2,72.42081039845276,46.06445703332778,0
5.443002148398087,9,5,9,100,7.4588812280374075,7,3,0,82.84520529798783,78.97712059125848,1
6.103059763556056,6,1,2,99,46.548710534211516,4,1,0,87.23445108188902,54.702991664427955,0
7.991126470318694,9,9,8,72,19.688956774199823,7,2,1,72.69700290653907,80.86010851154141,1
8.678315571195949,2,5,2,43,31.226077617193937,2,2,0,54.17260578688967,53.54238045445935,0
9.991737556964749,3,6,1,81,50.24499493564713,0,2,0,88.57198845471804,60.01271003859516,0
9.66556665671779,8,4,10,42,19.924746935512538,4,2,2,52.39081763716809,65.42176231083577,0
8.212825997675957,1,6,3,66,15.186413140414142,1,0,0,85.89572008613692,45.074145262798694,0
7.10624026647036,10,8,9,91,42.47222519413363,0,3,0,95.54376042622765,77.9891247939496,1
8.180886823541163,7,3,3,80,34.33671903287425,1,3,0,67.34844991850093,60.767574887376185,0
8.92825809040116,7,5,9,74,33.29221278104015,5,2,0,55.10308925689134,78.959653309102,1
5.591680954616937,1,2,7,67,19.122323354585223,5,2,0,61.643199489542056,55.226865140748394,0
7.049524448481441,9,2,10,45,6.9184168201015215,6,1,0,78.11407820626962,67.37342400765934,0
9.199011428178085,8,7,1,45,27.564802608244428,3,1,0,97.13298715530432,65.53123390960145,0
6.91916475966522,4,10,10,94,10.86077142572724,5,1,2,75.61413649430584,66.33582773057447,0
7.859361356135933,10,10,5,96,54.82940328570612,4,0,0,55.636864409834814,74.84270098185642,0
7.938846804310991,5,10,9,83,7.268767790945178,0,3,0,81.3891586858169,73.41805425569771,0
5.9223812656681964,2,6,3,62,28.740796980140978,5,0,0,86.64224683939707,49.870394603480264,0
6.811177208261442,9,4,9,72,7.873507103545533,1,0,1,69.66418349963955,52.42690904368933,0
6.672556443709661,6,5,5,55,10.254913101062147,4,3,0,86.07570321727073,65.94620847187669,0
5.130983542660324,3,1,9,63,41.23766668071121,5,1,1,66.24114075695948,47.23581486649328,0
5.120958819456776,7,7,10,44,40.5911193535752,7,3,1,89.45450757982067,68.54172949253115,0
9.158485218378868,9,8,6,80,6.817870718369187,7,2,2,67.05360797850345,74.9154219322978,0
6.365354049864062,3,9,9,81,5.062231131647861,2,1,1,62.8053545800313,57.86418508287336,0
7.590393831194078,2,8,7,52,9.33499424835312,1,3,0,93.95907029457875,62.18814860749168,0
6.493627867943865,7,5,7,86,46.96493937415682,6,0,1,77.42367105876981,58.37730451455392,0
9.703396225576704,7,3,8,51,37.15170600133289,6,3,3,64.25781443708424,58.65229807685013,0
6.296483794328869,4,10,7,44,7.096503485367038,6,1,4,96.75434448235336,47.19019453976358,0
7.148284063694676,9,9,9,76,31.8453358730055,1,2,0,84.54255877330246,78.02494322742575,1
9.36365125242301,8,6,9,70,44.16161463799482,6,0,0,61.03501998277836,72.3990036884052,0
9.209667833959044,1,5,6,67,52.792326703044345,3,2,0,80.73211772963903,63.322043741473735,0
5.930507089231386,1,3,7,67,56.37200698624558,2,2,0,93.51794156445123,52.88095921756351,0
9.013216548978551,5,6,2,69,23.009230962473666,3,0,1,84.80765712700287,51.22822732032341,0
7.290934433689463,6,3,9,57,12.470783562729615,7,3,3,62.237957538006526,53.57238604660976,0
7.414844360426776,3,10,1,83,18.03092564022961,5,3,0,82.44241643472574,71.31769425535772,0
5.667399862079719,9,6,1,66,47.689432062212305,2,2,2,80.95796863601004,52.08705069048415,0
5.403007568785624,10,4,3,74,58.43163182732709,1,3,0,91.04218317893444,61.85065715422944,0
8.639696534868825,6,2,6,65,30.65164895482093,3,1,0,58.90662984983499,58.65760480234673,0
7.482305761776499,4,8,5,96,21.794426745128437,4,2,0,84.981733350068,73.48810335900674,0
7.184253513075898,7,4,2,78,28.605482007801896,2,2,0,51.3685346066851,60.24940395419585,0
8.647541143261984,8,9,9,88,21.764722955482284,1,2,2,84.80876503178838,70.35317951380357,0
8.82756449495555,9,7,10,90,19.106813776393487,0,1,0,98.02186519692785,74.26970763132368,0
5.794540838346768,6,2,4,99,37.656291382394876,2,2,0,58.719413312480874,57.289528781386934,0
8.051125747388205,6,4,4,57,5.865478920544942,2,3,0,65.56498864095045,61.13736939665677,0
5.676770411388428,8,5,5,72,19.275373676574347,5,3,0,79.14357860142756,70.53759973984025,0
8.756875430145229,5,3,8,64,41.3760142814744,4,3,2,86.61975229286278,59.204987868351154,0
8.284775781335698,3,9,10,95,6.763448296874277,5,3,0,67.21856952022672,81.5057684617713,1
9.78307310541729,3,5,4,70,9.576099907991424,6,2,0,83.21294885700688,70.2387301617736,0
5.344790081782106,6,2,5,76,21.136787963218165,2,1,1,94.96393962681665,46.355554889373735,0
5.285273605756272,2,3,4,98,53.27926392349417,7,0,0,86.3279393612131,48.61783597849811,0
6.410935373466001,6,9,6,99,47.06873880909129,2,3,1,85.55113588011221,67.89413425361853,0
